"Overledenen; belangrijke doodsoorzaken (korte lijst), leeftijd, geslacht"
""
"";""
"";"Geslacht";"Vrouwen";"Vrouwen";"Vrouwen";"Vrouwen";"Vrouwen";"Vrouwen";"Vrouwen";"Vrouwen";"Vrouwen";"Vrouwen";"Vrouwen";"Vrouwen";"Vrouwen";"Vrouwen";"Vrouwen";"Vrouwen";"Vrouwen";"Vrouwen";"Vrouwen";"Vrouwen";"Vrouwen";"Vrouwen";"Vrouwen";"Vrouwen";"Vrouwen";"Vrouwen";"Vrouwen";"Vrouwen";"Vrouwen";"Vrouwen";"Vrouwen";"Vrouwen";"Vrouwen";"Vrouwen";"Vrouwen";"Vrouwen";"Vrouwen";"Vrouwen";"Vrouwen";"Vrouwen";"Vrouwen";"Vrouwen";"Vrouwen";"Vrouwen";"Vrouwen";"Vrouwen";"Vrouwen";"Vrouwen";"Vrouwen";"Vrouwen";"Vrouwen";"Vrouwen";"Vrouwen";"Vrouwen";"Vrouwen";"Vrouwen";"Vrouwen";"Vrouwen";"Vrouwen";"Vrouwen";"Vrouwen";"Vrouwen";"Vrouwen";"Vrouwen";"Vrouwen";"Vrouwen";"Vrouwen";"Vrouwen";"Vrouwen";"Vrouwen";"Vrouwen";"Vrouwen";"Vrouwen";"Vrouwen";"Vrouwen";"Vrouwen";"Vrouwen";"Vrouwen";"Vrouwen";"Vrouwen";"Vrouwen";"Vrouwen";"Vrouwen";"Vrouwen";"Vrouwen";"Vrouwen";"Vrouwen";"Vrouwen";"Vrouwen";"Vrouwen";"Vrouwen";"Vrouwen";"Vrouwen";"Vrouwen";"Vrouwen";"Vrouwen";"Vrouwen";"Vrouwen";"Vrouwen";"Vrouwen";"Vrouwen";"Vrouwen";"Vrouwen";"Vrouwen";"Vrouwen";"Vrouwen";"Vrouwen";"Vrouwen";"Vrouwen";"Vrouwen";"Vrouwen";"Vrouwen";"Vrouwen";"Vrouwen";"Vrouwen";"Vrouwen";"Vrouwen";"Vrouwen";"Vrouwen";"Vrouwen";"Vrouwen";"Vrouwen";"Vrouwen";"Vrouwen";"Vrouwen";"Vrouwen";"Vrouwen";"Vrouwen";"Vrouwen";"Vrouwen";"Vrouwen";"Vrouwen";"Vrouwen";"Vrouwen";"Vrouwen";"Vrouwen";"Vrouwen";"Vrouwen";"Vrouwen";"Vrouwen";"Vrouwen";"Vrouwen";"Vrouwen";"Vrouwen";"Vrouwen";"Vrouwen";"Vrouwen";"Vrouwen";"Vrouwen";"Vrouwen";"Vrouwen";"Vrouwen";"Vrouwen";"Vrouwen";"Vrouwen";"Vrouwen";"Vrouwen";"Vrouwen";"Vrouwen";"Vrouwen";"Vrouwen";"Vrouwen";"Vrouwen";"Vrouwen";"Vrouwen";"Vrouwen";"Vrouwen";"Vrouwen";"Vrouwen";"Vrouwen";"Vrouwen";"Vrouwen";"Vrouwen";"Vrouwen";"Vrouwen";"Vrouwen";"Vrouwen";"Vrouwen";"Vrouwen";"Vrouwen";"Vrouwen";"Vrouwen";"Vrouwen";"Vrouwen";"Vrouwen";"Vrouwen";"Vrouwen";"Vrouwen";"Vrouwen"
"";"Perioden";"2000";"2000";"2000";"2000";"2000";"2000";"2000";"2000";"2000";"2000";"2000";"2000";"2000";"2000";"2000";"2000";"2000";"2000";"2000";"2000";"2000";"2014";"2014";"2014";"2014";"2014";"2014";"2014";"2014";"2014";"2014";"2014";"2014";"2014";"2014";"2014";"2014";"2014";"2014";"2014";"2014";"2014";"2015";"2015";"2015";"2015";"2015";"2015";"2015";"2015";"2015";"2015";"2015";"2015";"2015";"2015";"2015";"2015";"2015";"2015";"2015";"2015";"2015";"2016";"2016";"2016";"2016";"2016";"2016";"2016";"2016";"2016";"2016";"2016";"2016";"2016";"2016";"2016";"2016";"2016";"2016";"2016";"2016";"2016";"2017";"2017";"2017";"2017";"2017";"2017";"2017";"2017";"2017";"2017";"2017";"2017";"2017";"2017";"2017";"2017";"2017";"2017";"2017";"2017";"2017";"2018";"2018";"2018";"2018";"2018";"2018";"2018";"2018";"2018";"2018";"2018";"2018";"2018";"2018";"2018";"2018";"2018";"2018";"2018";"2018";"2018";"2019";"2019";"2019";"2019";"2019";"2019";"2019";"2019";"2019";"2019";"2019";"2019";"2019";"2019";"2019";"2019";"2019";"2019";"2019";"2019";"2019";"2020";"2020";"2020";"2020";"2020";"2020";"2020";"2020";"2020";"2020";"2020";"2020";"2020";"2020";"2020";"2020";"2020";"2020";"2020";"2020";"2020";"2021*";"2021*";"2021*";"2021*";"2021*";"2021*";"2021*";"2021*";"2021*";"2021*";"2021*";"2021*";"2021*";"2021*";"2021*";"2021*";"2021*";"2021*";"2021*";"2021*";"2021*"
"Onderwerp";"Leeftijd";"0 jaar";"1 tot 5 jaar";"5 tot 10 jaar";"10 tot 15 jaar";"15 tot 20 jaar";"20 tot 25 jaar";"25 tot 30 jaar";"30 tot 35 jaar";"35 tot 40 jaar";"40 tot 45 jaar";"45 tot 50 jaar";"50 tot 55 jaar";"55 tot 60 jaar";"60 tot 65 jaar";"65 tot 70 jaar";"70 tot 75 jaar";"75 tot 80 jaar";"80 tot 85 jaar";"85 tot 90 jaar";"90 tot 95 jaar";"95 jaar of ouder";"0 jaar";"1 tot 5 jaar";"5 tot 10 jaar";"10 tot 15 jaar";"15 tot 20 jaar";"20 tot 25 jaar";"25 tot 30 jaar";"30 tot 35 jaar";"35 tot 40 jaar";"40 tot 45 jaar";"45 tot 50 jaar";"50 tot 55 jaar";"55 tot 60 jaar";"60 tot 65 jaar";"65 tot 70 jaar";"70 tot 75 jaar";"75 tot 80 jaar";"80 tot 85 jaar";"85 tot 90 jaar";"90 tot 95 jaar";"95 jaar of ouder";"0 jaar";"1 tot 5 jaar";"5 tot 10 jaar";"10 tot 15 jaar";"15 tot 20 jaar";"20 tot 25 jaar";"25 tot 30 jaar";"30 tot 35 jaar";"35 tot 40 jaar";"40 tot 45 jaar";"45 tot 50 jaar";"50 tot 55 jaar";"55 tot 60 jaar";"60 tot 65 jaar";"65 tot 70 jaar";"70 tot 75 jaar";"75 tot 80 jaar";"80 tot 85 jaar";"85 tot 90 jaar";"90 tot 95 jaar";"95 jaar of ouder";"0 jaar";"1 tot 5 jaar";"5 tot 10 jaar";"10 tot 15 jaar";"15 tot 20 jaar";"20 tot 25 jaar";"25 tot 30 jaar";"30 tot 35 jaar";"35 tot 40 jaar";"40 tot 45 jaar";"45 tot 50 jaar";"50 tot 55 jaar";"55 tot 60 jaar";"60 tot 65 jaar";"65 tot 70 jaar";"70 tot 75 jaar";"75 tot 80 jaar";"80 tot 85 jaar";"85 tot 90 jaar";"90 tot 95 jaar";"95 jaar of ouder";"0 jaar";"1 tot 5 jaar";"5 tot 10 jaar";"10 tot 15 jaar";"15 tot 20 jaar";"20 tot 25 jaar";"25 tot 30 jaar";"30 tot 35 jaar";"35 tot 40 jaar";"40 tot 45 jaar";"45 tot 50 jaar";"50 tot 55 jaar";"55 tot 60 jaar";"60 tot 65 jaar";"65 tot 70 jaar";"70 tot 75 jaar";"75 tot 80 jaar";"80 tot 85 jaar";"85 tot 90 jaar";"90 tot 95 jaar";"95 jaar of ouder";"0 jaar";"1 tot 5 jaar";"5 tot 10 jaar";"10 tot 15 jaar";"15 tot 20 jaar";"20 tot 25 jaar";"25 tot 30 jaar";"30 tot 35 jaar";"35 tot 40 jaar";"40 tot 45 jaar";"45 tot 50 jaar";"50 tot 55 jaar";"55 tot 60 jaar";"60 tot 65 jaar";"65 tot 70 jaar";"70 tot 75 jaar";"75 tot 80 jaar";"80 tot 85 jaar";"85 tot 90 jaar";"90 tot 95 jaar";"95 jaar of ouder";"0 jaar";"1 tot 5 jaar";"5 tot 10 jaar";"10 tot 15 jaar";"15 tot 20 jaar";"20 tot 25 jaar";"25 tot 30 jaar";"30 tot 35 jaar";"35 tot 40 jaar";"40 tot 45 jaar";"45 tot 50 jaar";"50 tot 55 jaar";"55 tot 60 jaar";"60 tot 65 jaar";"65 tot 70 jaar";"70 tot 75 jaar";"75 tot 80 jaar";"80 tot 85 jaar";"85 tot 90 jaar";"90 tot 95 jaar";"95 jaar of ouder";"0 jaar";"1 tot 5 jaar";"5 tot 10 jaar";"10 tot 15 jaar";"15 tot 20 jaar";"20 tot 25 jaar";"25 tot 30 jaar";"30 tot 35 jaar";"35 tot 40 jaar";"40 tot 45 jaar";"45 tot 50 jaar";"50 tot 55 jaar";"55 tot 60 jaar";"60 tot 65 jaar";"65 tot 70 jaar";"70 tot 75 jaar";"75 tot 80 jaar";"80 tot 85 jaar";"85 tot 90 jaar";"90 tot 95 jaar";"95 jaar of ouder";"0 jaar";"1 tot 5 jaar";"5 tot 10 jaar";"10 tot 15 jaar";"15 tot 20 jaar";"20 tot 25 jaar";"25 tot 30 jaar";"30 tot 35 jaar";"35 tot 40 jaar";"40 tot 45 jaar";"45 tot 50 jaar";"50 tot 55 jaar";"55 tot 60 jaar";"60 tot 65 jaar";"65 tot 70 jaar";"70 tot 75 jaar";"75 tot 80 jaar";"80 tot 85 jaar";"85 tot 90 jaar";"90 tot 95 jaar";"95 jaar of ouder"
"Totaal onderliggende doodsoorzaken";"aantal";"477";"100";"52";"54";"118";"135";"181";"300";"509";"810";"1313";"1803";"2112";"2742";"4111";"6308";"9948";"12809";"14370";"9805";"3697";"276";"47";"32";"49";"84";"101";"130";"159";"237";"532";"937";"1574";"2332";"3242";"4777";"5432";"7454";"11524";"14621";"12984";"5578";"248";"36";"30";"42";"67";"73";"121";"162";"239";"480";"914";"1570";"2377";"3408";"5010";"5718";"7822";"12066";"15759";"13859";"6104";"274";"41";"30";"37";"67";"104";"136";"186";"274";"441";"888";"1659";"2467";"3327";"5080";"5961";"7934";"11772";"15753";"13899";"6487";"260";"41";"33";"37";"72";"90";"98";"173";"256";"429";"877";"1452";"2332";"3365";"4692";"6367";"8026";"11838";"16114";"14141";"6860";"250";"43";"34";"23";"73";"86";"129";"173";"231";"414";"799";"1456";"2380";"3430";"4632";"6900";"8324";"11805";"16397";"14209";"7053";"275";"44";"24";"28";"84";"109";"137";"184";"230";"391";"767";"1383";"2240";"3332";"4653";"6989";"8431";"11806";"15599";"13807";"6940";"288";"35";"24";"41";"71";"99";"130";"192";"261";"429";"770";"1363";"2154";"3444";"4859";"7524";"9463";"13059";"17497";"15029";"7629";"266";"35";"34";"37";"56";"109";"138";"212";"267";"440";"749";"1463";"2420";"3687";"5238";"7861";"9881";"13059";"16805";"14832";"7616"
"1 Infectieuze en parasitaire ziekten|Totaal infectieuze en parasitaire zktn";"aantal";"18";"5";"1";"4";"6";"2";"7";"10";"10";"9";"15";"13";"24";"38";"39";"67";"135";"144";"167";"98";"30";"2";"3";"0";"2";"2";"1";"4";"5";"5";"9";"11";"17";"45";"54";"78";"111";"181";"279";"387";"301";"136";"4";"2";"1";"1";"0";"1";"1";"3";"3";"9";"10";"17";"38";"47";"99";"116";"208";"336";"413";"365";"145";"8";"4";"0";"1";"2";"8";"4";"2";"6";"9";"9";"19";"28";"50";"80";"123";"156";"263";"366";"343";"129";"3";"6";"3";"1";"3";"0";"1";"1";"2";"3";"14";"14";"24";"47";"71";"125";"180";"274";"420";"348";"162";"1";"3";"2";"6";"5";"1";"1";"0";"2";"2";"9";"21";"21";"62";"68";"125";"168";"296";"437";"404";"143";"4";"3";"1";"0";"1";"3";"2";"3";"5";"5";"8";"15";"27";"41";"78";"132";"168";"275";"393";"378";"175";"0";"2";"0";"1";"2";"1";"1";"3";"2";"7";"12";"12";"26";"56";"47";"123";"173";"215";"402";"324";"165";"3";"2";"1";"0";"0";"0";"4";"2";"4";"1";"11";"19";"31";"54";"78";"117";"178";"261";"355";"313";"165"
"1 Infectieuze en parasitaire ziekten|1.1 Tuberculose";"aantal";"0";"0";"0";"0";"0";"0";"1";"0";"0";"0";"2";"1";"1";"4";"3";"3";"11";"8";"4";"4";"0";"0";"0";"0";"0";"0";"1";"0";"0";"0";"0";"1";"0";"2";"0";"0";"2";"3";"4";"2";"2";"1";"0";"0";"0";"0";"0";"0";"0";"0";"0";"0";"0";"0";"0";"0";"1";"0";"6";"2";"7";"2";"0";"0";"0";"0";"0";"0";"0";"0";"1";"0";"0";"0";"0";"0";"0";"1";"1";"2";"2";"5";"4";"0";"0";"0";"0";"0";"0";"0";"0";"0";"0";"0";"0";"0";"0";"0";"0";"1";"0";"6";"2";"1";"0";"0";"0";"0";"0";"1";"0";"0";"0";"0";"0";"0";"0";"0";"0";"1";"1";"0";"2";"3";"2";"2";"0";"0";"0";"0";"0";"0";"0";"1";"0";"0";"0";"0";"2";"1";"1";"0";"0";"0";"0";"2";"0";"0";"0";"0";"0";"0";"0";"0";"0";"0";"0";"1";"0";"0";"0";"0";"2";"3";"0";"1";"4";"0";"0";"0";"0";"0";"0";"0";"1";"0";"0";"0";"0";"1";"1";"0";"0";"0";"1";"2";"0";"1";"0"
"1 Infectieuze en parasitaire ziekten|1.2 Meningokokkeninfecties";"aantal";"6";"1";"0";"2";"3";"1";"0";"1";"1";"1";"0";"0";"1";"0";"1";"1";"0";"0";"1";"0";"0";"0";"0";"0";"0";"0";"0";"0";"0";"0";"0";"0";"0";"0";"0";"1";"0";"0";"0";"0";"0";"0";"0";"1";"0";"0";"0";"0";"0";"0";"0";"0";"0";"0";"0";"1";"0";"1";"0";"0";"0";"0";"0";"0";"1";"0";"1";"0";"0";"0";"0";"0";"0";"0";"0";"0";"1";"0";"0";"0";"1";"0";"0";"0";"0";"1";"0";"0";"0";"0";"0";"0";"0";"0";"1";"0";"0";"0";"0";"1";"1";"0";"0";"0";"0";"0";"0";"0";"2";"1";"0";"0";"0";"0";"0";"0";"1";"1";"0";"1";"0";"0";"0";"1";"0";"0";"1";"1";"0";"0";"1";"0";"0";"0";"0";"0";"0";"0";"0";"0";"0";"1";"1";"2";"0";"0";"0";"0";"0";"0";"0";"0";"0";"0";"0";"0";"0";"0";"0";"0";"0";"0";"0";"0";"0";"1";"0";"0";"0";"0";"0";"0";"0";"0";"0";"0";"0";"0";"0";"0";"0";"0";"0";"0";"0";"0";"0";"0";"0"
"1 Infectieuze en parasitaire ziekten|1.3 Virale hepatitis";"aantal";"0";"0";"0";"0";"0";"0";"0";"0";"1";"0";"4";"0";"2";"0";"1";"3";"1";"1";"0";"0";"0";"0";"0";"0";"0";"0";"0";"0";"0";"0";"0";"0";"0";"1";"1";"0";"2";"1";"0";"0";"0";"0";"0";"0";"0";"0";"0";"0";"0";"0";"0";"1";"2";"0";"1";"2";"2";"3";"3";"0";"0";"0";"0";"0";"0";"0";"0";"0";"0";"0";"0";"0";"2";"0";"1";"2";"6";"1";"0";"3";"2";"0";"0";"0";"0";"0";"0";"0";"0";"0";"0";"0";"0";"0";"0";"0";"0";"1";"1";"4";"0";"0";"1";"1";"0";"0";"0";"0";"0";"0";"0";"0";"0";"0";"0";"1";"0";"0";"0";"0";"3";"0";"1";"0";"0";"1";"0";"0";"0";"0";"0";"0";"0";"0";"0";"0";"1";"0";"1";"2";"2";"1";"1";"1";"0";"0";"0";"0";"0";"0";"0";"0";"0";"0";"0";"0";"0";"0";"0";"2";"4";"1";"2";"0";"2";"0";"1";"0";"0";"0";"0";"0";"0";"0";"0";"0";"0";"0";"1";"0";"1";"1";"1";"2";"2";"3";"0";"0";"0"
"1 Infectieuze en parasitaire ziekten|1.4 AIDS";"aantal";"0";"0";"0";"0";"0";"0";"3";"6";"4";"5";"3";"1";"2";"1";"0";"0";"0";"1";"0";"0";"0";"0";"0";"0";"0";"0";"0";"1";"2";"0";"1";"1";"1";"2";"0";"0";"0";"0";"0";"1";"0";"0";"0";"0";"0";"0";"0";"0";"0";"1";"1";"0";"0";"1";"0";"0";"0";"0";"0";"0";"0";"0";"0";"0";"0";"0";"0";"0";"1";"1";"0";"2";"1";"1";"4";"2";"2";"1";"0";"0";"0";"0";"0";"0";"0";"0";"0";"0";"0";"0";"0";"0";"0";"0";"2";"0";"0";"2";"0";"0";"0";"0";"0";"0";"0";"0";"0";"0";"0";"0";"0";"0";"0";"0";"1";"0";"1";"0";"0";"1";"0";"0";"0";"0";"1";"0";"0";"0";"0";"0";"0";"1";"0";"1";"1";"0";"0";"0";"1";"0";"0";"0";"0";"0";"0";"0";"0";"0";"0";"0";"0";"0";"0";"0";"0";"0";"1";"1";"2";"0";"1";"2";"1";"0";"0";"1";"0";"0";"0";"0";"0";"0";"0";"0";"0";"0";"1";"0";"2";"0";"0";"0";"0";"1";"0";"0";"0";"0";"0"
"1 Infectieuze en parasitaire ziekten|1.5 Ov. infectieuze en parasitaire zktn";"aantal";"12";"4";"1";"2";"3";"1";"3";"3";"4";"3";"6";"11";"18";"33";"34";"60";"123";"134";"162";"94";"30";"2";"3";"0";"2";"2";"0";"3";"3";"5";"8";"9";"16";"40";"53";"77";"107";"177";"275";"384";"299";"135";"4";"1";"1";"1";"0";"1";"1";"2";"2";"8";"8";"16";"37";"44";"96";"112";"199";"334";"406";"363";"145";"8";"3";"0";"0";"2";"7";"3";"1";"4";"6";"8";"14";"24";"41";"77";"122";"151";"258";"361";"339";"129";"3";"5";"3";"1";"3";"0";"1";"1";"2";"3";"11";"14";"24";"44";"70";"119";"179";"268";"417";"346";"162";"1";"3";"2";"4";"3";"1";"1";"0";"2";"1";"8";"19";"20";"62";"65";"121";"168";"293";"433";"401";"140";"3";"2";"1";"0";"0";"2";"2";"1";"4";"5";"7";"15";"23";"38";"75";"130";"166";"272";"393";"376";"175";"0";"2";"0";"1";"2";"1";"1";"3";"2";"6";"10";"10";"24";"51";"44";"118";"170";"213";"399";"319";"165";"3";"2";"1";"0";"0";"0";"3";"2";"3";"1";"8";"18";"29";"53";"77";"114";"175";"256";"355";"312";"165"
"2 Nieuwvormingen|Totaal nieuwvormingen";"aantal";"4";"15";"14";"18";"18";"27";"39";"101";"199";"404";"695";"1015";"1199";"1457";"1821";"2246";"2692";"2439";"1940";"1036";"254";"2";"9";"13";"10";"18";"13";"36";"46";"111";"287";"511";"949";"1437";"1926";"2743";"2590";"2732";"2954";"2562";"1401";"378";"2";"4";"13";"10";"8";"8";"29";"59";"124";"245";"519";"927";"1467";"2011";"2777";"2724";"2763";"3016";"2565";"1435";"392";"7";"7";"8";"9";"13";"14";"33";"74";"127";"221";"477";"996";"1456";"1959";"2843";"2898";"2891";"3097";"2603";"1472";"421";"6";"7";"10";"9";"10";"14";"20";"59";"112";"223";"500";"844";"1410";"1957";"2508";"3098";"2986";"2961";"2583";"1451";"477";"5";"8";"9";"3";"12";"11";"29";"65";"105";"214";"410";"872";"1417";"1924";"2474";"3183";"3057";"3035";"2718";"1368";"461";"3";"8";"7";"7";"6";"12";"27";"61";"89";"206";"436";"806";"1314";"1876";"2490";"3372";"3180";"3164";"2705";"1434";"487";"1";"6";"8";"7";"13";"18";"28";"68";"99";"222";"405";"761";"1195";"1906";"2505";"3317";"3324";"3280";"2713";"1410";"462";"3";"4";"5";"5";"6";"10";"30";"63";"105";"192";"380";"805";"1275";"1903";"2491";"3274";"3374";"3212";"2643";"1508";"452"
"2 Nieuwvormingen|2.1 Kwaadaardige nieuwvormingen|Totaal kwaadaardige nieuwvormingen";"aantal";"3";"13";"13";"17";"17";"27";"38";"99";"195";"397";"683";"1000";"1174";"1428";"1788";"2191";"2603";"2328";"1812";"969";"233";"1";"8";"12";"9";"18";"12";"35";"46";"107";"276";"501";"930";"1411";"1880";"2670";"2507";"2622";"2790";"2376";"1253";"322";"2";"4";"12";"10";"8";"6";"26";"58";"120";"240";"510";"918";"1442";"1976";"2728";"2667";"2667";"2875";"2379";"1283";"332";"2";"7";"8";"7";"13";"14";"31";"72";"122";"212";"471";"979";"1430";"1940";"2788";"2826";"2797";"2944";"2389";"1312";"373";"4";"7";"10";"9";"10";"12";"20";"57";"110";"216";"491";"836";"1383";"1926";"2456";"3008";"2893";"2809";"2382";"1296";"426";"5";"7";"8";"2";"12";"10";"29";"62";"104";"209";"401";"860";"1390";"1885";"2432";"3095";"2933";"2860";"2505";"1194";"404";"0";"8";"7";"7";"6";"11";"26";"59";"85";"200";"426";"791";"1288";"1834";"2434";"3293";"3064";"3005";"2516";"1288";"431";"0";"5";"6";"6";"11";"15";"27";"66";"92";"218";"397";"741";"1168";"1864";"2451";"3216";"3194";"3099";"2507";"1279";"403";"2";"3";"4";"4";"6";"10";"26";"58";"103";"190";"377";"794";"1240";"1865";"2428";"3163";"3251";"3020";"2452";"1340";"394"
"2 Nieuwvormingen|2.1 Kwaadaardige nieuwvormingen|2.1.1 Kw. nv. van lip, mond en keel";"aantal";"0";"0";"0";"0";"0";"0";"0";"0";"1";"4";"4";"11";"20";"25";"26";"18";"18";"16";"14";"11";"1";"0";"0";"0";"0";"0";"0";"0";"0";"1";"0";"3";"14";"19";"31";"31";"37";"21";"20";"25";"13";"7";"0";"0";"0";"0";"0";"0";"0";"0";"1";"2";"3";"8";"18";"24";"34";"28";"27";"23";"29";"22";"5";"0";"0";"0";"0";"1";"0";"0";"0";"2";"2";"3";"15";"20";"30";"45";"26";"27";"37";"22";"12";"0";"0";"0";"0";"0";"0";"0";"1";"2";"0";"4";"2";"8";"19";"30";"39";"38";"38";"28";"25";"15";"9";"0";"0";"0";"0";"0";"0";"0";"1";"2";"0";"2";"3";"13";"21";"35";"43";"31";"26";"39";"16";"13";"0";"0";"0";"0";"0";"0";"0";"1";"2";"2";"2";"4";"16";"33";"33";"50";"42";"20";"21";"18";"8";"0";"0";"0";"0";"0";"1";"0";"0";"0";"2";"5";"8";"16";"23";"29";"38";"39";"35";"30";"16";"5";"0";"0";"0";"0";"0";"0";"1";"0";"0";"1";"2";"8";"11";"32";"41";"55";"30";"44";"33";"11";"5"
"2 Nieuwvormingen|2.1 Kwaadaardige nieuwvormingen|2.1.2 Kw. nv. van slokdarm";"aantal";"0";"0";"0";"0";"0";"2";"0";"0";"0";"4";"11";"19";"25";"24";"38";"45";"58";"56";"49";"16";"7";"0";"0";"0";"0";"0";"0";"0";"1";"1";"2";"6";"12";"33";"45";"82";"65";"55";"68";"55";"31";"8";"0";"0";"0";"0";"0";"0";"0";"0";"0";"2";"7";"16";"33";"48";"74";"70";"61";"68";"48";"32";"13";"0";"0";"0";"0";"0";"0";"0";"0";"2";"2";"8";"15";"34";"64";"66";"74";"62";"57";"54";"28";"11";"0";"0";"0";"0";"0";"0";"0";"0";"0";"0";"6";"15";"33";"60";"69";"94";"72";"56";"61";"35";"9";"0";"0";"0";"0";"0";"0";"0";"0";"1";"1";"3";"16";"37";"60";"71";"78";"76";"72";"65";"40";"6";"0";"0";"0";"0";"0";"0";"0";"1";"2";"3";"6";"16";"24";"42";"66";"102";"77";"69";"66";"32";"11";"0";"0";"0";"0";"0";"0";"0";"0";"1";"0";"1";"15";"29";"44";"69";"99";"92";"83";"58";"29";"7";"0";"0";"0";"0";"0";"0";"1";"1";"1";"1";"9";"11";"21";"49";"69";"78";"82";"70";"55";"27";"8"
"2 Nieuwvormingen|2.1 Kwaadaardige nieuwvormingen|2.1.3 Kw. nv. van maag";"aantal";"0";"0";"0";"0";"0";"1";"1";"1";"7";"18";"10";"27";"31";"47";"60";"89";"108";"112";"118";"50";"8";"0";"0";"0";"0";"0";"0";"2";"2";"3";"11";"21";"19";"27";"31";"63";"64";"85";"68";"102";"49";"8";"0";"0";"0";"0";"0";"0";"1";"3";"3";"3";"16";"22";"24";"37";"54";"62";"64";"86";"63";"22";"8";"0";"0";"0";"0";"0";"1";"0";"5";"0";"6";"11";"26";"29";"31";"43";"74";"70";"82";"63";"34";"6";"0";"0";"0";"0";"0";"0";"0";"1";"5";"2";"12";"11";"24";"40";"44";"52";"71";"63";"76";"25";"12";"0";"0";"0";"0";"0";"0";"0";"1";"4";"2";"7";"17";"26";"21";"48";"47";"78";"68";"64";"30";"11";"0";"0";"0";"0";"0";"0";"1";"2";"1";"8";"20";"17";"34";"37";"38";"58";"74";"78";"64";"38";"11";"0";"0";"0";"0";"0";"0";"0";"5";"2";"8";"16";"14";"31";"34";"47";"47";"70";"76";"51";"28";"9";"0";"0";"0";"0";"0";"0";"0";"2";"3";"5";"9";"24";"28";"35";"51";"53";"91";"71";"54";"33";"12"
"2 Nieuwvormingen|2.1 Kwaadaardige nieuwvormingen|2.1.4 Kw. nv. van dikke darm";"aantal";"0";"0";"0";"0";"0";"1";"1";"5";"3";"17";"40";"70";"84";"119";"140";"212";"304";"320";"259";"147";"33";"0";"0";"0";"0";"0";"0";"0";"3";"5";"13";"33";"38";"86";"118";"199";"192";"253";"319";"291";"169";"35";"0";"0";"0";"0";"0";"0";"0";"6";"5";"22";"32";"48";"79";"141";"203";"222";"232";"337";"282";"162";"49";"0";"0";"0";"0";"0";"0";"2";"2";"11";"11";"38";"66";"99";"141";"217";"237";"247";"313";"290";"178";"51";"0";"0";"0";"0";"0";"0";"1";"1";"8";"13";"28";"54";"93";"116";"183";"250";"244";"298";"265";"179";"45";"0";"0";"0";"0";"1";"0";"1";"4";"7";"15";"25";"61";"102";"124";"151";"230";"257";"287";"291";"149";"49";"0";"0";"0";"0";"0";"0";"1";"1";"4";"10";"28";"53";"79";"107";"160";"239";"265";"299";"319";"162";"49";"0";"0";"0";"0";"0";"0";"0";"4";"5";"10";"29";"56";"75";"123";"174";"236";"236";"276";"295";"164";"47";"0";"0";"0";"0";"0";"1";"1";"2";"4";"10";"34";"60";"79";"100";"137";"184";"211";"264";"305";"166";"51"
"2 Nieuwvormingen|2.1 Kwaadaardige nieuwvormingen|2.1.5 Kw. nv. van endeldarm en anus";"aantal";"0";"0";"0";"0";"0";"0";"0";"2";"2";"3";"11";"14";"23";"26";"39";"54";"68";"56";"64";"34";"9";"0";"0";"0";"0";"0";"0";"0";"1";"1";"4";"9";"14";"33";"55";"68";"64";"71";"75";"71";"44";"7";"0";"0";"0";"0";"0";"0";"0";"0";"4";"5";"21";"23";"35";"41";"67";"67";"76";"82";"89";"41";"5";"0";"0";"0";"0";"0";"1";"1";"1";"7";"5";"11";"25";"37";"44";"68";"58";"66";"75";"70";"52";"14";"0";"0";"0";"0";"0";"0";"0";"1";"2";"4";"20";"27";"30";"44";"64";"74";"58";"85";"76";"54";"11";"0";"0";"0";"0";"0";"0";"1";"0";"4";"10";"9";"20";"40";"40";"65";"54";"57";"70";"70";"36";"8";"0";"0";"0";"0";"0";"0";"0";"2";"2";"4";"12";"28";"34";"42";"60";"78";"65";"82";"79";"37";"20";"0";"0";"0";"0";"0";"0";"1";"2";"1";"8";"11";"17";"30";"47";"55";"73";"61";"88";"81";"52";"8";"0";"0";"0";"0";"0";"0";"0";"1";"3";"5";"12";"25";"22";"46";"50";"53";"60";"82";"70";"31";"5"
"2 Nieuwvormingen|2.1 Kwaadaardige nieuwvormingen|2.1.6 Kw. nv. lever en intrah. galwegen";"aantal";"0";"0";"0";"0";"0";"0";"1";"4";"2";"2";"4";"4";"5";"15";"18";"20";"29";"14";"7";"3";"1";"0";"1";"0";"0";"0";"0";"3";"2";"0";"4";"5";"11";"19";"24";"25";"28";"40";"36";"25";"8";"0";"0";"0";"0";"0";"0";"0";"0";"0";"3";"3";"7";"8";"18";"28";"36";"36";"29";"31";"24";"9";"2";"0";"0";"0";"0";"0";"0";"0";"2";"3";"4";"7";"13";"21";"39";"47";"45";"51";"28";"33";"9";"1";"0";"0";"0";"0";"0";"0";"0";"0";"0";"0";"9";"15";"21";"36";"30";"45";"45";"40";"21";"17";"2";"0";"0";"0";"0";"1";"0";"3";"1";"0";"3";"11";"13";"16";"31";"53";"53";"56";"42";"31";"13";"2";"0";"0";"0";"0";"1";"0";"0";"2";"4";"1";"6";"13";"20";"29";"50";"61";"56";"43";"37";"14";"5";"0";"0";"0";"0";"0";"0";"1";"3";"3";"3";"8";"15";"18";"34";"45";"72";"80";"53";"33";"13";"3";"0";"0";"0";"0";"1";"0";"0";"0";"1";"2";"8";"12";"26";"45";"42";"74";"68";"64";"36";"16";"3"
"2 Nieuwvormingen|2.1 Kwaadaardige nieuwvormingen|2.1.7 Kw. nv. van galblaas en galwegen";"aantal";"0";"0";"0";"0";"0";"0";"0";"0";"1";"1";"2";"7";"7";"15";"19";"30";"42";"26";"28";"12";"2";"0";"0";"0";"0";"0";"0";"0";"0";"1";"1";"7";"6";"19";"19";"25";"29";"39";"46";"41";"10";"3";"0";"0";"0";"0";"0";"0";"0";"0";"1";"1";"4";"8";"8";"23";"31";"30";"39";"52";"40";"14";"2";"0";"0";"0";"0";"0";"0";"0";"0";"0";"2";"4";"10";"12";"24";"29";"43";"48";"40";"37";"8";"5";"0";"0";"0";"0";"0";"0";"0";"1";"0";"1";"4";"5";"8";"15";"24";"35";"47";"42";"24";"14";"5";"0";"0";"0";"0";"0";"0";"0";"1";"0";"1";"7";"11";"12";"15";"27";"41";"40";"30";"40";"16";"4";"0";"0";"0";"0";"0";"0";"0";"0";"0";"0";"7";"5";"11";"18";"28";"42";"25";"47";"35";"8";"1";"0";"0";"0";"0";"0";"0";"0";"0";"1";"0";"4";"7";"10";"17";"27";"41";"43";"44";"35";"16";"5";"0";"0";"0";"0";"0";"0";"0";"0";"1";"3";"5";"11";"19";"16";"32";"41";"35";"45";"33";"18";"6"
"2 Nieuwvormingen|2.1 Kwaadaardige nieuwvormingen|2.1.8 Kw. nv. van alvleesklier";"aantal";"0";"0";"0";"0";"0";"1";"0";"3";"5";"8";"13";"37";"42";"71";"94";"148";"196";"150";"101";"39";"13";"0";"0";"0";"0";"0";"0";"0";"1";"2";"8";"32";"52";"89";"102";"193";"210";"214";"216";"158";"66";"16";"0";"0";"0";"0";"0";"0";"0";"0";"2";"12";"18";"43";"90";"116";"213";"211";"221";"172";"153";"73";"12";"0";"0";"0";"0";"0";"0";"0";"1";"3";"4";"18";"49";"79";"130";"185";"235";"225";"233";"158";"83";"10";"0";"0";"0";"0";"0";"0";"0";"1";"5";"6";"35";"34";"85";"117";"200";"237";"251";"200";"147";"85";"26";"0";"0";"0";"0";"0";"1";"0";"1";"3";"9";"20";"47";"91";"133";"183";"234";"220";"263";"181";"62";"17";"0";"0";"0";"0";"0";"0";"0";"0";"2";"6";"12";"45";"89";"136";"196";"262";"266";"230";"186";"78";"15";"0";"0";"0";"0";"0";"1";"0";"1";"2";"5";"10";"44";"84";"125";"183";"271";"269";"247";"175";"63";"14";"0";"0";"0";"0";"0";"0";"1";"1";"1";"9";"12";"35";"86";"108";"183";"296";"300";"223";"172";"75";"13"
"2 Nieuwvormingen|2.1 Kwaadaardige nieuwvormingen|2.1.9 Kw. nv. van strottenhoofd";"aantal";"0";"0";"0";"0";"0";"0";"0";"0";"0";"0";"4";"4";"4";"8";"5";"10";"5";"4";"4";"2";"0";"0";"0";"0";"0";"0";"0";"0";"0";"0";"0";"1";"1";"8";"10";"6";"6";"7";"4";"4";"0";"0";"0";"0";"0";"0";"0";"0";"0";"0";"0";"0";"2";"3";"2";"4";"9";"6";"9";"7";"3";"1";"0";"0";"0";"0";"0";"0";"0";"0";"0";"0";"1";"0";"0";"3";"5";"4";"11";"7";"6";"5";"0";"0";"0";"0";"0";"0";"0";"0";"0";"0";"0";"0";"1";"2";"5";"12";"9";"10";"5";"4";"5";"2";"0";"0";"0";"0";"0";"0";"0";"0";"0";"0";"0";"1";"2";"1";"3";"11";"13";"11";"6";"3";"5";"0";"0";"0";"0";"0";"0";"0";"0";"0";"0";"0";"2";"2";"3";"5";"8";"4";"5";"6";"3";"1";"0";"0";"0";"0";"0";"0";"0";"0";"0";"0";"0";"0";"1";"3";"5";"9";"8";"4";"6";"2";"3";"1";"0";"0";"0";"0";"0";"0";"0";"0";"0";"0";"1";"1";"1";"9";"9";"7";"6";"9";"6";"1";"0"
"2 Nieuwvormingen|2.1 Kwaadaardige nieuwvormingen|2.1.10 Kw. nv. van luchtpijp en long";"aantal";"0";"0";"0";"0";"0";"0";"1";"3";"20";"67";"155";"195";"231";"290";"349";"352";"298";"170";"96";"30";"5";"0";"0";"0";"0";"0";"0";"0";"6";"9";"41";"103";"259";"438";"608";"738";"629";"565";"452";"241";"75";"14";"0";"0";"0";"0";"0";"0";"0";"3";"12";"23";"97";"242";"451";"606";"778";"677";"549";"473";"270";"87";"17";"0";"0";"0";"0";"0";"0";"1";"3";"13";"25";"94";"218";"411";"601";"820";"729";"598";"502";"278";"81";"17";"0";"0";"0";"0";"0";"0";"1";"3";"10";"31";"89";"192";"391";"577";"706";"757";"598";"487";"298";"101";"16";"0";"0";"0";"0";"0";"1";"1";"1";"7";"17";"66";"198";"401";"628";"711";"874";"637";"493";"280";"83";"15";"0";"0";"0";"0";"0";"0";"0";"1";"9";"18";"74";"168";"337";"583";"698";"875";"693";"516";"311";"96";"13";"0";"0";"0";"0";"0";"0";"0";"1";"5";"23";"64";"169";"292";"620";"751";"840";"722";"514";"288";"90";"20";"0";"0";"0";"0";"0";"1";"1";"1";"9";"14";"53";"171";"341";"577";"772";"846";"774";"568";"306";"112";"14"
"2 Nieuwvormingen|2.1 Kwaadaardige nieuwvormingen|2.1.11 Melanoom van huid";"aantal";"0";"0";"0";"0";"1";"1";"4";"4";"5";"8";"11";"15";"24";"15";"19";"17";"23";"16";"17";"9";"2";"0";"0";"0";"0";"0";"0";"3";"2";"6";"20";"15";"29";"32";"35";"38";"43";"38";"42";"28";"18";"2";"0";"0";"0";"0";"0";"0";"1";"5";"2";"12";"17";"30";"24";"39";"47";"35";"50";"32";"46";"17";"5";"0";"0";"0";"1";"2";"1";"1";"2";"3";"12";"13";"23";"30";"21";"47";"38";"29";"42";"34";"17";"7";"0";"0";"0";"0";"1";"2";"0";"4";"3";"11";"25";"23";"24";"23";"43";"55";"28";"32";"33";"23";"6";"0";"0";"0";"0";"0";"0";"1";"3";"6";"10";"16";"25";"26";"38";"45";"41";"33";"39";"30";"18";"7";"0";"0";"0";"0";"0";"0";"1";"8";"3";"7";"13";"19";"24";"22";"32";"46";"46";"31";"21";"13";"11";"0";"0";"0";"0";"0";"1";"2";"3";"4";"7";"6";"26";"20";"30";"36";"48";"42";"54";"45";"15";"8";"0";"0";"0";"0";"0";"0";"3";"2";"2";"6";"11";"22";"30";"37";"29";"30";"44";"40";"38";"20";"14"
"2 Nieuwvormingen|2.1 Kwaadaardige nieuwvormingen|2.1.12 Kw. nv. van borst";"aantal";"0";"0";"0";"0";"0";"3";"4";"26";"81";"139";"204";"300";"324";"296";"336";"373";"441";"379";"287";"182";"50";"0";"0";"0";"0";"0";"0";"4";"10";"36";"84";"123";"240";"262";"283";"371";"328";"292";"361";"328";"226";"70";"0";"0";"0";"0";"0";"0";"3";"17";"34";"79";"148";"225";"307";"311";"417";"368";"341";"370";"369";"219";"70";"0";"0";"0";"0";"0";"0";"5";"19";"37";"73";"134";"267";"289";"313";"389";"336";"314";"364";"307";"226";"77";"0";"0";"0";"0";"0";"1";"6";"13";"32";"72";"132";"211";"302";"314";"338";"345";"349";"355";"344";"197";"96";"0";"0";"0";"0";"0";"0";"3";"19";"29";"69";"104";"215";"256";"297";"335";"391";"348";"367";"322";"205";"99";"0";"0";"0";"0";"0";"0";"4";"14";"29";"76";"122";"194";"249";"295";"352";"383";"361";"354";"326";"194";"103";"0";"0";"0";"0";"0";"0";"6";"21";"36";"74";"136";"169";"255";"285";"308";"391";"349";"403";"332";"214";"82";"0";"0";"0";"0";"0";"0";"3";"10";"39";"72";"111";"187";"238";"313";"323";"389";"417";"347";"317";"238";"96"
"2 Nieuwvormingen|2.1 Kwaadaardige nieuwvormingen|2.1.13 Kw. nv. van baarmoederhals";"aantal";"0";"0";"0";"0";"0";"0";"4";"9";"11";"21";"28";"23";"15";"12";"28";"25";"28";"26";"15";"12";"1";"0";"0";"0";"0";"0";"1";"1";"7";"9";"16";"16";"20";"18";"10";"12";"20";"20";"22";"14";"11";"1";"0";"0";"0";"0";"0";"1";"4";"4";"7";"11";"22";"14";"19";"18";"16";"21";"14";"27";"14";"13";"2";"0";"0";"0";"0";"0";"0";"3";"10";"6";"11";"20";"25";"23";"18";"22";"17";"17";"22";"23";"12";"0";"0";"0";"0";"0";"0";"1";"0";"6";"6";"12";"19";"21";"19";"14";"22";"23";"14";"20";"15";"9";"5";"0";"0";"0";"0";"0";"0";"3";"10";"10";"8";"19";"23";"27";"17";"14";"29";"12";"20";"18";"6";"1";"0";"0";"0";"0";"0";"0";"4";"4";"7";"11";"19";"22";"29";"14";"22";"24";"13";"22";"16";"8";"1";"0";"0";"0";"0";"0";"0";"5";"4";"5";"22";"16";"24";"23";"17";"18";"23";"21";"20";"18";"9";"5";"0";"0";"0";"0";"0";"0";"1";"10";"9";"7";"21";"30";"18";"12";"21";"20";"28";"15";"12";"8";"1"
"2 Nieuwvormingen|2.1 Kwaadaardige nieuwvormingen|2.1.14 Kw. nv. van baarmoederlichaam";"aantal";"0";"0";"0";"0";"0";"0";"0";"1";"0";"4";"11";"16";"21";"26";"43";"56";"68";"47";"57";"43";"7";"0";"0";"0";"0";"0";"0";"0";"1";"2";"2";"3";"20";"39";"45";"72";"63";"77";"68";"60";"31";"14";"0";"0";"0";"0";"0";"0";"1";"0";"3";"1";"5";"15";"24";"33";"67";"66";"77";"80";"51";"33";"5";"0";"0";"0";"0";"0";"1";"1";"0";"0";"3";"9";"15";"26";"43";"83";"86";"85";"67";"60";"34";"10";"0";"0";"0";"0";"0";"0";"1";"1";"2";"2";"6";"14";"23";"40";"60";"110";"80";"63";"50";"34";"7";"0";"0";"0";"0";"0";"0";"0";"1";"1";"3";"10";"22";"22";"34";"73";"89";"98";"83";"59";"26";"11";"0";"0";"0";"0";"0";"0";"1";"2";"1";"5";"7";"17";"29";"45";"64";"120";"92";"86";"59";"39";"9";"0";"0";"0";"0";"0";"0";"0";"0";"1";"2";"7";"14";"22";"48";"63";"104";"112";"85";"67";"29";"6";"0";"0";"0";"0";"0";"0";"0";"0";"1";"2";"8";"13";"30";"57";"75";"107";"105";"103";"51";"25";"12"
"2 Nieuwvormingen|2.1 Kwaadaardige nieuwvormingen|2.1.15 Kw. nv. van eierstok";"aantal";"0";"0";"1";"1";"1";"0";"2";"5";"10";"15";"32";"62";"72";"103";"109";"124";"139";"139";"55";"31";"9";"0";"0";"0";"0";"1";"2";"4";"3";"8";"10";"30";"43";"75";"102";"171";"147";"154";"149";"88";"36";"4";"0";"0";"0";"0";"0";"0";"2";"2";"8";"5";"18";"45";"62";"105";"141";"183";"149";"148";"101";"31";"2";"0";"0";"0";"0";"0";"0";"3";"5";"6";"13";"20";"45";"64";"100";"160";"170";"162";"141";"98";"36";"9";"0";"0";"0";"1";"0";"0";"2";"1";"5";"10";"24";"38";"77";"94";"146";"185";"162";"136";"117";"32";"12";"0";"0";"0";"0";"1";"2";"0";"4";"9";"10";"22";"39";"59";"88";"138";"172";"168";"149";"94";"28";"4";"0";"0";"0";"0";"0";"3";"3";"2";"1";"10";"23";"41";"70";"77";"132";"191";"182";"193";"97";"32";"10";"0";"0";"0";"0";"0";"1";"2";"5";"4";"9";"18";"38";"73";"97";"130";"175";"191";"157";"96";"35";"1";"0";"0";"0";"0";"2";"0";"4";"6";"8";"9";"22";"39";"51";"94";"124";"174";"184";"143";"79";"31";"7"
"2 Nieuwvormingen|2.1 Kwaadaardige nieuwvormingen|2.1.16 Kw. nv. van prostaat";"aantal";"";"";"";"";"";"";"";"";"";"";"";"";"";"";"";"";"";"";"";"";"";"";"";"";"";"";"";"";"";"";"";"";"";"";"";"";"";"";"";"";"";"";"";"";"";"";"";"";"";"";"";"";"";"";"";"";"";"";"";"";"";"";"";"";"";"";"";"";"";"";"";"";"";"";"";"";"";"";"";"";"";"";"";"";"";"";"";"";"";"";"";"";"";"";"";"";"";"";"";"";"";"";"";"";"";"";"";"";"";"";"";"";"";"";"";"";"";"";"";"";"";"";"";"";"";"";"";"";"";"";"";"";"";"";"";"";"";"";"";"";"";"";"";"";"";"";"";"";"";"";"";"";"";"";"";"";"";"";"";"";"";"";"";"";"";"";"";"";"";"";"";"";"";"";"";"";"";"";"";"";"";"";"";"";"";"";"";"";""
"2 Nieuwvormingen|2.1 Kwaadaardige nieuwvormingen|2.1.17 Kw. nv. nier, behalve nierbekken";"aantal";"0";"1";"0";"0";"0";"0";"0";"0";"0";"4";"10";"16";"25";"27";"60";"51";"60";"45";"34";"17";"5";"1";"0";"0";"0";"1";"0";"0";"0";"0";"1";"7";"10";"15";"33";"51";"50";"49";"56";"51";"11";"5";"0";"0";"0";"0";"0";"0";"0";"0";"1";"0";"6";"12";"20";"42";"39";"50";"61";"75";"43";"21";"3";"0";"0";"0";"0";"0";"0";"1";"1";"3";"2";"8";"6";"19";"23";"36";"43";"69";"60";"49";"11";"4";"1";"0";"0";"0";"0";"0";"0";"2";"2";"1";"6";"16";"14";"23";"42";"49";"47";"54";"50";"16";"8";"0";"1";"0";"0";"0";"0";"1";"0";"0";"1";"3";"7";"21";"20";"32";"46";"59";"53";"53";"21";"3";"0";"0";"0";"0";"0";"0";"0";"0";"1";"2";"1";"8";"14";"22";"32";"61";"67";"61";"53";"23";"3";"0";"0";"0";"0";"0";"0";"0";"0";"1";"0";"3";"11";"13";"10";"40";"50";"55";"56";"50";"21";"6";"0";"0";"0";"0";"0";"0";"0";"1";"0";"2";"3";"10";"17";"27";"35";"46";"58";"50";"52";"19";"2"
"2 Nieuwvormingen|2.1 Kwaadaardige nieuwvormingen|2.1.18 Kw. nv. van urineblaas";"aantal";"0";"0";"0";"0";"0";"0";"0";"1";"1";"2";"9";"5";"11";"19";"24";"36";"55";"67";"54";"25";"5";"0";"0";"0";"0";"0";"0";"0";"0";"0";"6";"6";"10";"13";"20";"34";"33";"50";"63";"66";"36";"8";"0";"0";"0";"0";"0";"0";"0";"2";"1";"3";"4";"7";"19";"23";"34";"30";"48";"60";"59";"37";"6";"0";"0";"0";"0";"0";"0";"1";"0";"1";"3";"4";"14";"13";"17";"37";"41";"76";"80";"61";"44";"16";"0";"0";"0";"0";"0";"0";"0";"0";"2";"1";"4";"20";"9";"21";"30";"41";"59";"75";"57";"46";"10";"0";"0";"0";"0";"0";"0";"0";"0";"1";"1";"4";"12";"24";"18";"20";"55";"50";"74";"74";"38";"14";"0";"0";"0";"0";"0";"0";"0";"0";"0";"2";"3";"13";"22";"20";"34";"62";"53";"82";"61";"36";"9";"0";"0";"0";"0";"1";"0";"2";"0";"0";"2";"6";"5";"10";"16";"33";"57";"49";"89";"77";"37";"22";"0";"0";"0";"0";"0";"0";"0";"1";"1";"0";"5";"4";"11";"16";"38";"42";"57";"63";"80";"44";"6"
"2 Nieuwvormingen|2.1 Kwaadaardige nieuwvormingen|2.1.19 Kw. nv. lymf. en bloedv. weefsel";"aantal";"0";"2";"3";"4";"4";"13";"13";"14";"12";"18";"28";"54";"78";"91";"123";"185";"236";"238";"174";"86";"19";"0";"3";"5";"1";"7";"4";"11";"0";"6";"13";"17";"39";"64";"80";"147";"185";"245";"260";"238";"98";"23";"2";"2";"2";"3";"4";"3";"2";"6";"10";"11";"19";"35";"49";"101";"171";"179";"228";"304";"245";"131";"27";"1";"3";"1";"1";"5";"3";"6";"8";"7";"6";"19";"38";"72";"86";"158";"192";"267";"306";"224";"111";"32";"2";"2";"2";"3";"1";"2";"3";"5";"11";"8";"15";"28";"51";"111";"135";"213";"298";"290";"220";"110";"36";"3";"3";"2";"1";"2";"0";"3";"5";"4";"13";"12";"27";"53";"90";"125";"225";"249";"251";"267";"115";"31";"0";"3";"1";"2";"2";"1";"3";"4";"5";"6";"18";"22";"65";"87";"140";"235";"259";"308";"244";"113";"37";"0";"1";"1";"2";"3";"3";"2";"4";"4";"11";"11";"32";"44";"79";"145";"215";"288";"282";"259";"107";"31";"0";"1";"1";"2";"1";"2";"6";"6";"6";"12";"9";"29";"46";"91";"118";"247";"258";"299";"223";"96";"34"
"2 Nieuwvormingen|2.1 Kwaadaardige nieuwvormingen|2.1.20 Ov. kwaadaardige nieuwvormingen";"aantal";"3";"10";"9";"12";"11";"5";"7";"21";"34";"62";"96";"121";"132";"199";"258";"346";"427";"447";"379";"220";"56";"0";"4";"7";"8";"9";"5";"7";"7";"17";"40";"64";"93";"122";"229";"344";"314";"347";"465";"490";"321";"97";"0";"2";"10";"7";"4";"2";"12";"10";"23";"45";"64";"114";"160";"236";"297";"326";"392";"448";"450";"318";"99";"1";"4";"7";"5";"5";"7";"6";"13";"18";"27";"50";"109";"149";"210";"332";"371";"377";"489";"523";"336";"103";"1";"5";"8";"5";"8";"6";"5";"15";"17";"38";"54";"102";"155";"239";"272";"395";"427";"481";"498";"302";"111";"2";"3";"6";"1";"7";"6";"12";"10";"16";"36";"60";"102";"163";"207";"295";"380";"453";"467";"524";"287";"109";"0";"5";"6";"5";"3";"7";"8";"15";"12";"29";"51";"104";"139";"220";"289";"400";"423";"478";"518";"346";"115";"0";"4";"5";"4";"7";"8";"6";"13";"17";"32";"46";"76";"120";"210";"289";"428";"471";"531";"515";"338";"123";"2";"2";"3";"2";"2";"6";"4";"14";"14";"30";"42";"102";"165";"201";"279";"421";"443";"520";"530";"369";"105"
"2 Nieuwvormingen|2.2 Overige nieuwvormingen";"aantal";"1";"2";"1";"1";"1";"0";"1";"2";"4";"7";"12";"15";"25";"29";"33";"55";"89";"111";"128";"67";"21";"1";"1";"1";"1";"0";"1";"1";"0";"4";"11";"10";"19";"26";"46";"73";"83";"110";"164";"186";"148";"56";"0";"0";"1";"0";"0";"2";"3";"1";"4";"5";"9";"9";"25";"35";"49";"57";"96";"141";"186";"152";"60";"5";"0";"0";"2";"0";"0";"2";"2";"5";"9";"6";"17";"26";"19";"55";"72";"94";"153";"214";"160";"48";"2";"0";"0";"0";"0";"2";"0";"2";"2";"7";"9";"8";"27";"31";"52";"90";"93";"152";"201";"155";"51";"0";"1";"1";"1";"0";"1";"0";"3";"1";"5";"9";"12";"27";"39";"42";"88";"124";"175";"213";"174";"57";"3";"0";"0";"0";"0";"1";"1";"2";"4";"6";"10";"15";"26";"42";"56";"79";"116";"159";"189";"146";"56";"1";"1";"2";"1";"2";"3";"1";"2";"7";"4";"8";"20";"27";"42";"54";"101";"130";"181";"206";"131";"59";"1";"1";"1";"1";"0";"0";"4";"5";"2";"2";"3";"11";"35";"38";"63";"111";"123";"192";"191";"168";"58"
"3 Zktn bloed, bloedvormende organen en..";"aantal";"0";"2";"1";"0";"1";"0";"3";"3";"1";"1";"1";"2";"3";"4";"6";"11";"20";"38";"53";"45";"18";"2";"0";"1";"2";"1";"2";"0";"1";"3";"5";"0";"2";"7";"10";"9";"13";"18";"53";"52";"62";"32";"0";"1";"0";"1";"0";"1";"1";"2";"2";"3";"1";"7";"4";"6";"8";"18";"16";"27";"75";"68";"26";"1";"1";"2";"2";"1";"0";"2";"2";"2";"1";"3";"3";"6";"6";"13";"11";"16";"35";"49";"81";"31";"1";"1";"0";"3";"1";"1";"0";"1";"2";"2";"4";"1";"6";"5";"6";"14";"30";"40";"69";"73";"20";"0";"2";"1";"1";"1";"0";"1";"0";"0";"0";"3";"2";"8";"8";"10";"17";"29";"42";"64";"67";"30";"0";"1";"3";"0";"1";"1";"2";"1";"1";"1";"2";"5";"5";"5";"8";"20";"27";"45";"72";"74";"39";"0";"0";"0";"2";"1";"1";"0";"1";"1";"0";"4";"5";"4";"5";"8";"12";"17";"39";"79";"78";"61";"2";"1";"0";"2";"0";"0";"2";"0";"3";"3";"1";"2";"9";"8";"11";"13";"27";"41";"88";"82";"43"
"4 Endocriene, voedings-, stofwiss. zktn|Totaal endocriene, voedings-, stofwiss..";"aantal";"6";"8";"2";"1";"3";"3";"4";"8";"14";"7";"28";"29";"60";"75";"125";"217";"388";"584";"636";"389";"132";"5";"4";"3";"3";"2";"3";"5";"3";"6";"10";"20";"20";"53";"56";"98";"133";"226";"360";"456";"371";"142";"7";"1";"0";"3";"5";"2";"3";"3";"4";"19";"23";"33";"42";"57";"105";"144";"199";"354";"449";"411";"151";"4";"4";"2";"2";"4";"4";"5";"7";"5";"13";"17";"25";"53";"61";"113";"148";"193";"314";"437";"371";"129";"3";"3";"0";"1";"2";"4";"1";"2";"5";"9";"25";"28";"38";"61";"112";"141";"204";"336";"450";"339";"139";"8";"3";"3";"3";"4";"7";"4";"3";"4";"8";"19";"22";"38";"85";"90";"175";"182";"268";"449";"305";"129";"2";"1";"0";"0";"1";"2";"6";"3";"5";"7";"13";"39";"46";"62";"118";"149";"219";"311";"382";"292";"129";"10";"4";"3";"3";"0";"1";"2";"2";"4";"14";"22";"28";"43";"80";"94";"154";"217";"282";"385";"306";"127";"2";"4";"1";"0";"1";"2";"4";"7";"5";"15";"15";"27";"47";"66";"93";"164";"202";"292";"360";"278";"117"
"4 Endocriene, voedings-, stofwiss. zktn|4.1 Suikerziekte";"aantal";"0";"0";"0";"0";"1";"1";"0";"6";"8";"6";"20";"24";"52";"68";"111";"181";"322";"471";"455";"235";"66";"0";"0";"0";"0";"0";"0";"0";"1";"2";"4";"7";"11";"35";"40";"62";"100";"179";"315";"366";"300";"107";"0";"0";"0";"0";"0";"0";"0";"2";"1";"9";"10";"12";"26";"32";"77";"107";"158";"287";"375";"334";"104";"0";"0";"0";"0";"1";"0";"1";"3";"1";"3";"11";"12";"32";"39";"78";"108";"147";"271";"377";"327";"99";"0";"0";"0";"0";"0";"0";"0";"1";"2";"3";"15";"12";"26";"40";"73";"96";"153";"272";"382";"289";"102";"0";"0";"0";"0";"1";"3";"0";"1";"2";"3";"10";"11";"17";"56";"55";"115";"132";"226";"362";"242";"100";"0";"0";"0";"0";"0";"1";"2";"1";"1";"6";"7";"20";"22";"41";"72";"104";"167";"249";"321";"249";"115";"0";"0";"0";"0";"0";"0";"1";"0";"2";"9";"9";"16";"23";"51";"55";"101";"163";"228";"321";"264";"108";"0";"0";"0";"0";"0";"0";"1";"3";"3";"6";"6";"14";"30";"39";"60";"121";"142";"229";"302";"232";"94"
"4 Endocriene, voedings-, stofwiss. zktn|4.2 Ov. endocriene, voedings-, stofwis..";"aantal";"6";"8";"2";"1";"2";"2";"4";"2";"6";"1";"8";"5";"8";"7";"14";"36";"66";"113";"181";"154";"66";"5";"4";"3";"3";"2";"3";"5";"2";"4";"6";"13";"9";"18";"16";"36";"33";"47";"45";"90";"71";"35";"7";"1";"0";"3";"5";"2";"3";"1";"3";"10";"13";"21";"16";"25";"28";"37";"41";"67";"74";"77";"47";"4";"4";"2";"2";"3";"4";"4";"4";"4";"10";"6";"13";"21";"22";"35";"40";"46";"43";"60";"44";"30";"3";"3";"0";"1";"2";"4";"1";"1";"3";"6";"10";"16";"12";"21";"39";"45";"51";"64";"68";"50";"37";"8";"3";"3";"3";"3";"4";"4";"2";"2";"5";"9";"11";"21";"29";"35";"60";"50";"42";"87";"63";"29";"2";"1";"0";"0";"1";"1";"4";"2";"4";"1";"6";"19";"24";"21";"46";"45";"52";"62";"61";"43";"14";"10";"4";"3";"3";"0";"1";"1";"2";"2";"5";"13";"12";"20";"29";"39";"53";"54";"54";"64";"42";"19";"2";"4";"1";"0";"1";"2";"3";"4";"2";"9";"9";"13";"17";"27";"33";"43";"60";"63";"58";"46";"23"
"5 Psychische en gedragsstoornissen|Totaal psychische stoornissen";"aantal";"0";"2";"4";"1";"2";"1";"1";"7";"8";"13";"13";"17";"23";"18";"38";"103";"333";"684";"1138";"929";"334";"0";"1";"0";"3";"0";"3";"3";"3";"3";"7";"11";"28";"25";"48";"72";"177";"482";"1130";"1907";"1986";"872";"0";"0";"1";"0";"1";"3";"7";"2";"5";"7";"17";"34";"27";"61";"89";"219";"502";"1240";"2154";"2161";"1028";"0";"1";"1";"2";"3";"4";"5";"6";"8";"9";"24";"23";"43";"41";"112";"196";"532";"1226";"2281";"2159";"1108";"0";"1";"0";"0";"4";"2";"2";"12";"12";"10";"17";"35";"47";"54";"110";"222";"565";"1264";"2343";"2325";"1182";"0";"0";"1";"1";"1";"5";"6";"7";"7";"12";"28";"21";"43";"62";"118";"266";"551";"1292";"2365";"2412";"1182";"0";"0";"0";"2";"2";"1";"5";"9";"7";"15";"14";"29";"43";"67";"114";"230";"565";"1205";"2256";"2298";"1208";"0";"0";"3";"2";"1";"6";"8";"16";"12";"6";"19";"24";"49";"54";"104";"236";"513";"1143";"1989";"2037";"1091";"0";"0";"1";"1";"4";"7";"11";"11";"9";"15";"19";"25";"52";"62";"80";"261";"575";"1127";"1934";"2127";"1145"
"5 Psychische en gedragsstoornissen|5.1 Psychische stoornissen door alcohol";"aantal";"0";"0";"0";"0";"0";"0";"0";"1";"3";"7";"8";"11";"16";"6";"3";"6";"3";"2";"2";"0";"0";"0";"0";"0";"0";"0";"0";"0";"0";"0";"2";"3";"15";"13";"10";"13";"14";"8";"3";"7";"2";"0";"0";"0";"0";"0";"0";"0";"0";"0";"1";"2";"4";"14";"12";"26";"15";"19";"12";"13";"6";"5";"0";"0";"0";"0";"0";"0";"1";"0";"1";"3";"4";"8";"11";"13";"16";"22";"19";"6";"14";"4";"3";"0";"0";"0";"0";"0";"0";"0";"0";"0";"1";"3";"4";"8";"18";"19";"18";"20";"12";"6";"6";"4";"0";"0";"0";"0";"0";"0";"0";"0";"0";"1";"3";"7";"9";"17";"17";"23";"24";"12";"6";"3";"3";"1";"0";"0";"0";"0";"0";"0";"2";"0";"1";"2";"3";"10";"22";"16";"18";"14";"13";"7";"3";"3";"0";"0";"0";"0";"0";"0";"0";"1";"2";"2";"2";"5";"10";"12";"16";"18";"10";"14";"5";"4";"2";"1";"0";"0";"0";"0";"0";"0";"0";"1";"0";"3";"5";"10";"13";"18";"9";"16";"14";"11";"8";"3";"0"
"5 Psychische en gedragsstoornissen|5.2 Psychische stoornissen drugs en vl..";"aantal";"0";"0";"0";"0";"0";"0";"0";"0";"2";"0";"0";"2";"1";"0";"0";"0";"0";"0";"0";"0";"0";"0";"0";"0";"0";"0";"0";"0";"0";"0";"0";"1";"0";"2";"0";"0";"0";"0";"0";"0";"0";"0";"0";"0";"0";"0";"0";"0";"0";"1";"0";"0";"1";"2";"1";"1";"0";"0";"0";"0";"0";"0";"0";"0";"0";"0";"0";"0";"0";"0";"1";"0";"0";"0";"3";"0";"0";"0";"0";"0";"0";"0";"0";"0";"0";"0";"0";"0";"0";"0";"0";"1";"1";"0";"1";"3";"4";"1";"0";"0";"0";"0";"0";"0";"0";"0";"0";"0";"0";"0";"0";"1";"0";"0";"0";"1";"2";"3";"3";"0";"0";"0";"0";"0";"0";"0";"0";"0";"0";"0";"0";"0";"0";"0";"1";"0";"1";"1";"1";"1";"0";"0";"1";"0";"0";"0";"0";"0";"0";"0";"0";"0";"0";"0";"0";"0";"0";"1";"1";"2";"1";"3";"1";"0";"0";"0";"1";"0";"0";"0";"0";"0";"0";"0";"1";"0";"1";"0";"0";"1";"4";"0";"1";"3";"1";"0";"0";"0";"0"
"5 Psychische en gedragsstoornissen|5.3 Overige psychische stoornissen";"aantal";"0";"2";"4";"1";"2";"1";"1";"6";"3";"6";"5";"4";"6";"12";"35";"97";"330";"682";"1136";"929";"334";"0";"1";"0";"3";"0";"3";"3";"3";"3";"5";"7";"13";"10";"38";"59";"163";"474";"1127";"1900";"1984";"872";"0";"0";"1";"0";"1";"3";"7";"1";"4";"5";"12";"18";"14";"34";"74";"200";"490";"1227";"2148";"2156";"1028";"0";"1";"1";"2";"3";"3";"5";"4";"5";"5";"16";"9";"30";"25";"90";"177";"526";"1212";"2277";"2156";"1108";"0";"1";"0";"0";"4";"2";"2";"11";"10";"7";"12";"24";"25";"34";"92";"202";"553";"1258";"2337";"2321";"1182";"0";"0";"1";"1";"1";"5";"5";"7";"6";"9";"20";"10";"23";"42";"95";"242";"539";"1286";"2362";"2409";"1181";"0";"0";"0";"2";"2";"1";"3";"9";"5";"13";"10";"18";"20";"50";"96";"216";"551";"1198";"2253";"2295";"1208";"0";"0";"3";"2";"1";"6";"7";"14";"10";"4";"13";"13";"35";"37";"83";"225";"499";"1138";"1985";"2034";"1090";"0";"0";"1";"1";"4";"7";"10";"10";"8";"12";"14";"14";"35";"44";"70";"242";"560";"1116";"1926";"2124";"1145"
"6 Ziekten van zenuwstelsel en zintuigen|Totaal ziekten zenuwstelsel en zintuigen";"aantal";"9";"10";"5";"2";"3";"13";"6";"11";"11";"24";"31";"45";"40";"49";"87";"120";"219";"308";"368";"196";"66";"11";"4";"1";"3";"3";"8";"3";"10";"8";"22";"38";"37";"73";"112";"172";"243";"392";"793";"957";"768";"302";"6";"8";"2";"4";"2";"2";"8";"8";"9";"17";"34";"56";"87";"123";"192";"238";"480";"740";"1103";"844";"314";"5";"7";"1";"7";"5";"1";"9";"4";"11";"12";"36";"51";"103";"143";"215";"278";"504";"837";"1143";"954";"369";"10";"1";"4";"7";"5";"7";"4";"7";"12";"15";"25";"49";"73";"109";"220";"328";"532";"826";"1170";"942";"378";"12";"8";"2";"1";"4";"7";"5";"8";"10";"18";"31";"59";"90";"130";"201";"374";"566";"882";"1199";"977";"405";"12";"3";"2";"5";"7";"4";"8";"8";"12";"15";"34";"64";"85";"123";"206";"354";"607";"855";"1132";"894";"410";"11";"5";"2";"2";"5";"1";"12";"8";"7";"19";"35";"52";"78";"139";"211";"366";"541";"849";"1088";"808";"369";"10";"7";"5";"5";"7";"2";"7";"7";"9";"18";"29";"45";"85";"148";"216";"369";"547";"773";"1012";"804";"358"
"6 Ziekten van zenuwstelsel en zintuigen|6.1 Hersenvliesontsteking";"aantal";"1";"0";"0";"0";"1";"0";"0";"1";"0";"2";"1";"5";"1";"2";"7";"2";"2";"5";"5";"2";"0";"1";"0";"0";"1";"0";"0";"0";"1";"0";"0";"1";"0";"0";"2";"1";"4";"6";"2";"6";"5";"1";"2";"0";"0";"0";"0";"0";"0";"0";"0";"0";"0";"1";"2";"2";"0";"0";"4";"6";"1";"3";"1";"2";"0";"0";"1";"1";"0";"0";"0";"0";"0";"0";"1";"3";"0";"5";"3";"4";"7";"9";"2";"0";"3";"0";"0";"1";"0";"0";"0";"0";"0";"2";"0";"1";"2";"4";"3";"3";"3";"5";"0";"4";"2";"2";"1";"0";"0";"0";"0";"0";"0";"0";"0";"1";"1";"0";"2";"2";"3";"8";"6";"4";"2";"1";"3";"0";"0";"0";"0";"0";"0";"0";"1";"1";"1";"0";"2";"3";"3";"2";"5";"8";"5";"2";"1";"1";"1";"0";"0";"0";"0";"1";"1";"0";"0";"0";"0";"1";"3";"3";"0";"2";"2";"3";"0";"0";"0";"0";"0";"0";"0";"0";"0";"0";"1";"0";"0";"0";"1";"2";"3";"3";"3";"2";"3";"0";"0"
"6 Ziekten van zenuwstelsel en zintuigen|6.2 Ziekte van Parkinson";"aantal";"0";"0";"0";"0";"0";"0";"0";"0";"0";"0";"3";"0";"1";"1";"8";"34";"71";"100";"116";"41";"16";"0";"0";"0";"0";"0";"0";"0";"0";"0";"0";"0";"1";"1";"4";"14";"34";"111";"185";"165";"86";"23";"0";"0";"0";"0";"0";"0";"0";"0";"0";"0";"0";"1";"4";"8";"15";"38";"116";"188";"188";"86";"20";"0";"0";"0";"0";"0";"0";"0";"0";"0";"0";"0";"0";"3";"8";"17";"46";"130";"216";"240";"87";"24";"0";"0";"0";"0";"0";"0";"0";"0";"0";"0";"0";"0";"1";"6";"26";"58";"128";"199";"216";"116";"24";"0";"0";"0";"0";"0";"0";"0";"0";"0";"0";"0";"0";"5";"10";"22";"71";"136";"199";"214";"115";"20";"0";"0";"0";"0";"0";"0";"0";"0";"0";"0";"0";"0";"3";"10";"18";"61";"143";"189";"208";"88";"15";"0";"0";"0";"0";"0";"0";"0";"0";"0";"0";"0";"1";"3";"7";"22";"62";"142";"202";"195";"85";"9";"0";"0";"0";"0";"0";"0";"0";"0";"0";"0";"0";"3";"2";"13";"20";"66";"144";"179";"182";"99";"18"
"6 Ziekten van zenuwstelsel en zintuigen|6.3 Ov. zktn zenuwstelsel en zintuigen";"aantal";"8";"10";"5";"2";"2";"13";"6";"10";"11";"22";"27";"40";"38";"46";"72";"84";"146";"203";"247";"153";"50";"10";"4";"1";"2";"3";"8";"3";"9";"8";"22";"37";"36";"72";"106";"157";"205";"275";"606";"786";"677";"278";"4";"8";"2";"4";"2";"2";"8";"8";"9";"17";"34";"54";"81";"113";"177";"200";"360";"546";"914";"755";"293";"3";"7";"1";"6";"4";"1";"9";"4";"11";"12";"36";"50";"97";"135";"193";"229";"370";"614";"894";"865";"345";"7";"1";"4";"6";"5";"7";"4";"7";"12";"13";"25";"48";"70";"99";"191";"267";"401";"622";"954";"822";"352";"10";"7";"2";"1";"4";"7";"5";"8";"10";"18";"30";"58";"85";"118";"177";"300";"422";"677";"981";"860";"384";"9";"3";"2";"5";"7";"4";"8";"8";"11";"14";"33";"64";"80";"110";"185";"291";"459";"658";"919";"804";"394";"10";"4";"2";"2";"5";"1";"11";"7";"7";"19";"35";"51";"74";"129";"186";"304";"397";"645";"890";"723";"360";"10";"7";"5";"5";"7";"2";"7";"7";"8";"18";"29";"42";"82";"133";"193";"300";"400";"592";"827";"705";"340"
"7 Ziekten van hart en vaatstelsel|Totaal ziekten van hart en vaatstelsel";"aantal";"3";"4";"3";"4";"4";"13";"30";"42";"103";"139";"233";"297";"362";"602";"1160";"2241";"3840";"5333";"5983";"3827";"1330";"4";"1";"2";"3";"3";"8";"8";"13";"16";"66";"127";"189";"265";"433";"768";"1109";"1934";"3559";"5055";"4701";"1935";"3";"4";"2";"5";"6";"7";"8";"17";"21";"64";"98";"180";"265";"434";"762";"1115";"2006";"3672";"5288";"4806";"2049";"2";"2";"2";"0";"4";"14";"11";"14";"18";"53";"119";"187";"286";"396";"740";"1124";"1910";"3409";"5193";"4828";"2187";"3";"4";"1";"2";"3";"10";"9";"17";"29";"51";"93";"175";"255";"433";"695";"1209";"1868";"3400";"5067";"4572";"2160";"3";"3";"1";"0";"3";"3";"14";"12";"15";"42";"96";"154";"250";"405";"683";"1228";"1876";"3184";"4887";"4463";"2203";"4";"5";"1";"2";"5";"6";"8";"9";"19";"33";"79";"134";"238";"451";"698";"1258";"1800";"3214";"4768";"4414";"2129";"6";"0";"1";"2";"3";"0";"6";"14";"32";"42";"105";"152";"223";"383";"661";"1224";"1853";"2913";"4525";"4210";"2078";"4";"0";"1";"2";"3";"5";"4";"18";"21";"45";"98";"147";"265";"460";"708";"1299";"1964";"3000";"4557";"4179";"2068"
"7 Ziekten van hart en vaatstelsel|7.1 Ziekten van de kransvaten|Totaal ziekten van de kransvaten";"aantal";"0";"0";"0";"0";"0";"1";"5";"11";"26";"36";"86";"94";"123";"241";"445";"879";"1310";"1611";"1537";"867";"250";"0";"0";"0";"1";"0";"0";"0";"0";"2";"13";"21";"47";"64";"104";"177";"289";"433";"701";"884";"745";"256";"0";"0";"0";"1";"0";"0";"0";"2";"1";"11";"25";"45";"58";"126";"186";"265";"451";"694";"917";"656";"262";"0";"0";"0";"0";"0";"0";"0";"1";"2";"13";"31";"35";"77";"101";"175";"266";"408";"612";"877";"698";"279";"0";"0";"0";"0";"0";"1";"2";"0";"6";"5";"14";"42";"49";"94";"150";"260";"394";"640";"799";"639";"257";"0";"0";"0";"0";"0";"0";"1";"1";"5";"12";"15";"38";"67";"79";"158";"292";"397";"596";"751";"607";"287";"0";"0";"0";"0";"0";"1";"0";"0";"2";"4";"10";"36";"57";"133";"190";"287";"369";"549";"743";"626";"272";"0";"0";"0";"0";"0";"0";"0";"1";"3";"9";"21";"39";"45";"102";"165";"291";"380";"471";"691";"601";"262";"0";"0";"0";"0";"0";"0";"0";"0";"1";"10";"25";"33";"60";"100";"165";"280";"368";"508";"652";"555";"267"
"7 Ziekten van hart en vaatstelsel|7.1 Ziekten van de kransvaten|7.1.1 Acuut hartinfarct";"aantal";"0";"0";"0";"0";"0";"1";"5";"11";"24";"31";"70";"80";"101";"201";"348";"689";"977";"1207";"1122";"619";"182";"0";"0";"0";"1";"0";"0";"0";"0";"1";"11";"14";"40";"53";"79";"111";"190";"289";"429";"548";"454";"145";"0";"0";"0";"1";"0";"0";"0";"2";"1";"7";"18";"33";"46";"84";"140";"172";"285";"434";"567";"400";"158";"0";"0";"0";"0";"0";"0";"0";"1";"2";"10";"22";"25";"58";"75";"113";"158";"255";"385";"542";"414";"155";"0";"0";"0";"0";"0";"1";"2";"0";"6";"5";"8";"32";"41";"63";"102";"165";"251";"413";"503";"387";"145";"0";"0";"0";"0";"0";"0";"1";"1";"4";"12";"14";"29";"49";"61";"118";"190";"266";"404";"469";"379";"161";"0";"0";"0";"0";"0";"1";"0";"0";"2";"3";"10";"32";"43";"100";"132";"194";"234";"335";"432";"377";"154";"0";"0";"0";"0";"0";"0";"0";"1";"1";"7";"17";"29";"34";"72";"119";"201";"249";"307";"405";"340";"133";"0";"0";"0";"0";"0";"0";"0";"0";"1";"9";"21";"25";"45";"70";"114";"174";"244";"315";"387";"316";"137"
"7 Ziekten van hart en vaatstelsel|7.1 Ziekten van de kransvaten|7.1.2 Overige ziekten van de kransvaten";"aantal";"0";"0";"0";"0";"0";"0";"0";"0";"2";"5";"16";"14";"22";"40";"97";"190";"333";"404";"415";"248";"68";"0";"0";"0";"0";"0";"0";"0";"0";"1";"2";"7";"7";"11";"25";"66";"99";"144";"272";"336";"291";"111";"0";"0";"0";"0";"0";"0";"0";"0";"0";"4";"7";"12";"12";"42";"46";"93";"166";"260";"350";"256";"104";"0";"0";"0";"0";"0";"0";"0";"0";"0";"3";"9";"10";"19";"26";"62";"108";"153";"227";"335";"284";"124";"0";"0";"0";"0";"0";"0";"0";"0";"0";"0";"6";"10";"8";"31";"48";"95";"143";"227";"296";"252";"112";"0";"0";"0";"0";"0";"0";"0";"0";"1";"0";"1";"9";"18";"18";"40";"102";"131";"192";"282";"228";"126";"0";"0";"0";"0";"0";"0";"0";"0";"0";"1";"0";"4";"14";"33";"58";"93";"135";"214";"311";"249";"118";"0";"0";"0";"0";"0";"0";"0";"0";"2";"2";"4";"10";"11";"30";"46";"90";"131";"164";"286";"261";"129";"0";"0";"0";"0";"0";"0";"0";"0";"0";"1";"4";"8";"15";"30";"51";"106";"124";"193";"265";"239";"130"
"7 Ziekten van hart en vaatstelsel|7.2 Overige hartziekten";"aantal";"3";"3";"0";"0";"1";"5";"5";"11";"18";"30";"46";"65";"88";"139";"266";"462";"898";"1382";"1793";"1364";"600";"2";"0";"1";"0";"1";"4";"2";"5";"3";"13";"35";"66";"57";"114";"185";"296";"531";"1068";"1848";"1954";"943";"3";"4";"1";"1";"3";"4";"1";"4";"7";"21";"25";"47";"71";"99";"188";"288";"554";"1148";"1957";"2088";"1040";"1";"0";"2";"0";"2";"5";"4";"1";"4";"13";"25";"40";"75";"88";"195";"316";"573";"1098";"1886";"2082";"1104";"3";"4";"0";"1";"2";"5";"3";"3";"6";"17";"24";"49";"76";"128";"177";"377";"532";"1077";"1880";"2022";"1079";"2";"2";"0";"0";"1";"1";"3";"3";"3";"12";"28";"33";"73";"115";"191";"348";"511";"968";"1725";"1982";"1066";"2";"5";"1";"0";"2";"1";"3";"0";"7";"8";"26";"32";"64";"103";"178";"341";"512";"1008";"1751";"1866";"1027";"4";"0";"1";"1";"1";"0";"3";"2";"11";"12";"26";"40";"57";"81";"174";"330";"522";"935";"1686";"1768";"978";"3";"0";"1";"1";"1";"2";"3";"6";"3";"15";"23";"40";"58";"142";"194";"360";"579";"984";"1712";"1770";"983"
"7 Ziekten van hart en vaatstelsel|7.3 Hersenvaatletsels";"aantal";"0";"0";"3";"4";"1";"2";"13";"9";"39";"42";"69";"101";"95";"138";"269";"579";"1099";"1620";"1909";"1150";"340";"1";"1";"0";"0";"1";"2";"3";"4";"6";"27";"36";"48";"77";"114";"191";"322";"583";"1087";"1427";"1197";"491";"0";"0";"1";"2";"1";"2";"2";"7";"8";"16";"26";"50";"69";"126";"233";"313";"557";"1083";"1443";"1242";"480";"0";"1";"0";"0";"0";"3";"1";"8";"4";"12";"36";"65";"71";"123";"201";"310";"539";"997";"1467";"1243";"495";"0";"0";"1";"0";"1";"2";"2";"8";"10";"15";"35";"56";"65";"118";"199";"323";"548";"967";"1404";"1150";"525";"0";"1";"0";"0";"1";"1";"4";"3";"3";"11";"26";"41";"62";"108";"179";"332";"555";"952";"1480";"1093";"543";"0";"0";"0";"1";"1";"2";"2";"2";"6";"15";"23";"34";"71";"117";"179";"340";"536";"962";"1343";"1161";"502";"0";"0";"0";"1";"1";"0";"3";"4";"8";"9";"35";"43";"79";"105";"165";"346";"550";"870";"1252";"1050";"504";"0";"0";"0";"0";"1";"0";"0";"6";"4";"13";"28";"48";"85";"124";"187";"352";"571";"875";"1279";"1073";"482"
"7 Ziekten van hart en vaatstelsel|7.4 Overige ziekten hart en vaatstelsel";"aantal";"0";"1";"0";"0";"2";"5";"7";"11";"20";"31";"32";"37";"56";"84";"180";"321";"533";"720";"744";"446";"140";"1";"0";"1";"2";"1";"2";"3";"4";"5";"13";"35";"28";"67";"101";"215";"202";"387";"703";"896";"805";"245";"0";"0";"0";"1";"2";"1";"5";"4";"5";"16";"22";"38";"67";"83";"155";"249";"444";"747";"971";"820";"267";"1";"1";"0";"0";"2";"6";"6";"4";"8";"15";"27";"47";"63";"84";"169";"232";"390";"702";"963";"805";"309";"0";"0";"0";"1";"0";"2";"2";"6";"7";"14";"20";"28";"65";"93";"169";"249";"394";"716";"984";"761";"299";"1";"0";"1";"0";"1";"1";"6";"5";"4";"7";"27";"42";"48";"103";"155";"256";"413";"668";"931";"781";"307";"2";"0";"0";"1";"2";"2";"3";"7";"4";"6";"20";"32";"46";"98";"151";"290";"383";"695";"931";"761";"328";"2";"0";"0";"0";"1";"0";"0";"7";"10";"12";"23";"30";"42";"95";"157";"257";"401";"637";"896";"791";"334";"1";"0";"0";"1";"1";"3";"1";"6";"13";"7";"22";"26";"62";"94";"162";"307";"446";"633";"914";"781";"336"
"8 Ziekten van de ademhalingsorganen|Totaal ziekten van de ademhalingsorganen";"aantal";"3";"3";"2";"1";"7";"4";"3";"9";"14";"20";"45";"70";"95";"160";"320";"553";"942";"1341";"1639";"1221";"517";"0";"1";"0";"2";"1";"1";"3";"3";"3";"6";"28";"63";"128";"220";"331";"433";"624";"873";"1045";"908";"399";"3";"4";"0";"0";"2";"1";"4";"3";"3";"14";"35";"74";"135";"278";"422";"542";"767";"1105";"1265";"1126";"578";"0";"3";"4";"1";"1";"5";"3";"3";"8";"12";"31";"80";"161";"264";"415";"554";"790";"933";"1156";"981";"524";"2";"4";"0";"0";"2";"1";"5";"2";"4";"4";"24";"64";"151";"270";"456";"595";"721";"1071";"1391";"1264";"623";"0";"0";"2";"1";"4";"1";"1";"4";"5";"9";"27";"75";"153";"305";"459";"715";"826";"1122";"1565";"1308";"716";"1";"2";"0";"2";"5";"0";"2";"3";"0";"15";"15";"59";"140";"274";"432";"702";"779";"983";"1230";"1137";"578";"0";"2";"1";"1";"2";"1";"2";"1";"6";"5";"16";"42";"112";"222";"347";"577";"674";"774";"985";"847";"475";"1";"2";"1";"0";"1";"2";"2";"1";"5";"6";"11";"56";"137";"214";"433";"611";"681";"785";"832";"693";"405"
"8 Ziekten van de ademhalingsorganen|8.1 Griep";"aantal";"1";"0";"0";"0";"0";"0";"0";"1";"0";"0";"3";"6";"3";"5";"7";"11";"17";"43";"69";"52";"24";"0";"0";"0";"0";"0";"0";"0";"0";"0";"0";"1";"0";"2";"1";"2";"1";"4";"11";"5";"8";"9";"0";"0";"0";"0";"0";"0";"0";"1";"1";"0";"2";"4";"8";"5";"7";"11";"14";"28";"53";"56";"38";"0";"1";"4";"0";"0";"1";"0";"1";"2";"6";"5";"5";"12";"18";"17";"8";"22";"21";"31";"23";"9";"0";"1";"0";"0";"0";"0";"0";"0";"0";"1";"0";"2";"2";"6";"10";"10";"25";"43";"72";"80";"40";"0";"0";"1";"0";"2";"1";"0";"0";"1";"0";"4";"6";"10";"28";"24";"49";"67";"114";"167";"138";"82";"0";"1";"0";"0";"1";"0";"0";"1";"0";"0";"2";"1";"9";"13";"15";"25";"38";"48";"69";"62";"24";"0";"1";"0";"0";"0";"0";"0";"1";"1";"0";"2";"3";"7";"3";"3";"14";"9";"27";"35";"33";"20";"0";"0";"0";"0";"0";"0";"0";"0";"0";"0";"0";"0";"0";"1";"1";"2";"0";"3";"1";"2";"1"
"8 Ziekten van de ademhalingsorganen|8.2 Longontsteking";"aantal";"1";"2";"1";"1";"4";"2";"1";"5";"5";"8";"11";"10";"19";"39";"76";"154";"405";"727";"1029";"844";"374";"0";"0";"0";"0";"0";"0";"1";"2";"0";"1";"5";"6";"6";"17";"42";"45";"107";"206";"422";"444";"230";"0";"2";"0";"0";"1";"1";"0";"0";"1";"6";"6";"8";"9";"24";"41";"50";"126";"244";"461";"536";"334";"0";"1";"0";"1";"0";"3";"1";"2";"2";"1";"6";"13";"16";"23";"41";"50";"102";"232";"399";"436";"312";"1";"1";"0";"0";"2";"1";"1";"2";"1";"1";"6";"3";"18";"21";"39";"68";"102";"243";"473";"596";"363";"0";"0";"0";"0";"1";"0";"0";"2";"2";"2";"4";"10";"18";"20";"32";"83";"121";"290";"493";"620";"389";"0";"0";"0";"0";"1";"0";"0";"0";"0";"2";"0";"11";"13";"18";"35";"65";"110";"249";"430";"535";"345";"0";"0";"0";"1";"0";"0";"1";"0";"1";"1";"2";"4";"9";"21";"26";"53";"92";"172";"346";"406";"261";"0";"0";"0";"0";"0";"1";"1";"0";"1";"1";"3";"4";"12";"15";"34";"66";"99";"179";"299";"322";"222"
"8 Ziekten van de ademhalingsorganen|8.3 Chron. aand. onderste luchtwegen|Totaal chronische aand. onderste lucht..";"aantal";"0";"1";"0";"0";"3";"0";"1";"2";"3";"9";"19";"49";"65";"97";"206";"348";"441";"491";"447";"273";"92";"0";"0";"0";"1";"0";"1";"1";"1";"1";"3";"21";"49";"105";"185";"245";"336";"432";"521";"457";"319";"94";"0";"0";"0";"0";"0";"0";"2";"0";"0";"6";"23";"51";"103";"220";"335";"418";"525";"677";"550";"364";"110";"0";"0";"0";"0";"1";"0";"0";"0";"3";"2";"15";"51";"119";"211";"304";"428";"554";"535";"553";"362";"120";"0";"0";"0";"0";"0";"0";"1";"0";"2";"2";"14";"50";"120";"215";"371";"449";"499";"628";"625";"388";"131";"0";"0";"1";"0";"1";"0";"1";"1";"2";"6";"17";"50";"119";"225";"356";"514";"546";"565";"693";"349";"126";"0";"0";"0";"2";"3";"0";"2";"2";"0";"10";"10";"44";"109";"217";"344";"550";"528";"557";"572";"399";"123";"0";"0";"0";"0";"2";"0";"0";"0";"4";"2";"9";"27";"85";"176";"281";"442";"478";"464";"448";"280";"118";"1";"1";"0";"0";"0";"0";"1";"1";"1";"3";"6";"45";"109";"176";"361";"486";"493";"471";"383";"255";"102"
"8 Ziekten van de ademhalingsorganen|8.3 Chron. aand. onderste luchtwegen|8.3.1 Astma";"aantal";"0";"0";"0";"0";"2";"0";"0";"0";"0";"2";"0";"4";"4";"2";"4";"7";"7";"9";"2";"3";"2";"0";"0";"0";"1";"0";"1";"1";"0";"0";"0";"0";"1";"1";"3";"1";"3";"7";"11";"12";"9";"3";"0";"0";"0";"0";"0";"0";"0";"0";"0";"0";"1";"1";"2";"5";"2";"4";"8";"17";"19";"17";"8";"0";"0";"0";"0";"1";"0";"0";"0";"2";"1";"0";"2";"1";"1";"6";"0";"13";"13";"26";"22";"14";"0";"0";"0";"0";"0";"0";"1";"0";"1";"0";"0";"1";"2";"2";"5";"9";"17";"18";"26";"22";"10";"0";"0";"1";"0";"1";"0";"1";"1";"1";"1";"1";"4";"2";"2";"3";"8";"10";"16";"30";"23";"10";"0";"0";"0";"2";"3";"0";"0";"0";"0";"3";"0";"2";"2";"1";"6";"15";"13";"17";"28";"22";"9";"0";"0";"0";"0";"1";"0";"0";"0";"1";"0";"0";"3";"0";"2";"5";"7";"9";"15";"25";"16";"8";"1";"1";"0";"0";"0";"0";"1";"1";"0";"1";"1";"3";"2";"4";"7";"6";"5";"14";"24";"12";"10"
"8 Ziekten van de ademhalingsorganen|8.3 Chron. aand. onderste luchtwegen|8.3.2 Ov. chron. aand. onderste luchtw..";"aantal";"0";"1";"0";"0";"1";"0";"1";"2";"3";"7";"19";"45";"61";"95";"202";"341";"434";"482";"445";"270";"90";"0";"0";"0";"0";"0";"0";"0";"1";"1";"3";"21";"48";"104";"182";"244";"333";"425";"510";"445";"310";"91";"0";"0";"0";"0";"0";"0";"2";"0";"0";"6";"22";"50";"101";"215";"333";"414";"517";"660";"531";"347";"102";"0";"0";"0";"0";"0";"0";"0";"0";"1";"1";"15";"49";"118";"210";"298";"428";"541";"522";"527";"340";"106";"0";"0";"0";"0";"0";"0";"0";"0";"1";"2";"14";"49";"118";"213";"366";"440";"482";"610";"599";"366";"121";"0";"0";"0";"0";"0";"0";"0";"0";"1";"5";"16";"46";"117";"223";"353";"506";"536";"549";"663";"326";"116";"0";"0";"0";"0";"0";"0";"2";"2";"0";"7";"10";"42";"107";"216";"338";"535";"515";"540";"544";"377";"114";"0";"0";"0";"0";"1";"0";"0";"0";"3";"2";"9";"24";"85";"174";"276";"435";"469";"449";"423";"264";"110";"0";"0";"0";"0";"0";"0";"0";"0";"1";"2";"5";"42";"107";"172";"354";"480";"488";"457";"359";"243";"92"
"8 Ziekten van de ademhalingsorganen|8.4 Overige ziekten ademhalingsorganen";"aantal";"1";"0";"1";"0";"0";"2";"1";"1";"6";"3";"12";"5";"8";"19";"31";"40";"79";"80";"94";"52";"27";"0";"1";"0";"1";"1";"0";"1";"0";"2";"2";"1";"8";"15";"17";"42";"51";"81";"135";"161";"137";"66";"3";"2";"0";"0";"1";"0";"2";"2";"1";"2";"4";"11";"15";"29";"39";"63";"102";"156";"201";"170";"96";"0";"1";"0";"0";"0";"1";"2";"0";"1";"3";"5";"11";"14";"12";"53";"68";"112";"145";"173";"160";"83";"1";"2";"0";"0";"0";"0";"3";"0";"1";"0";"4";"9";"11";"28";"36";"68";"95";"157";"221";"200";"89";"0";"0";"0";"1";"0";"0";"0";"1";"0";"1";"2";"9";"6";"32";"47";"69";"92";"153";"212";"201";"119";"1";"1";"0";"0";"0";"0";"0";"0";"0";"3";"3";"3";"9";"26";"38";"62";"103";"129";"159";"141";"86";"0";"1";"1";"0";"0";"1";"1";"0";"0";"2";"3";"8";"11";"22";"37";"68";"95";"111";"156";"128";"76";"0";"1";"1";"0";"1";"1";"0";"0";"3";"2";"2";"7";"16";"22";"37";"57";"89";"132";"149";"114";"80"
"9 Ziekten van de spijsverteringsorganen|Totaal ziekten spijsverteringsorganen";"aantal";"1";"2";"1";"2";"1";"0";"5";"7";"19";"41";"42";"89";"66";"88";"135";"232";"402";"600";"646";"490";"156";"0";"0";"0";"0";"0";"2";"3";"8";"4";"19";"26";"55";"64";"90";"156";"158";"252";"398";"491";"436";"182";"1";"0";"1";"1";"1";"4";"4";"1";"6";"10";"30";"52";"73";"97";"183";"161";"225";"416";"515";"454";"153";"1";"1";"0";"0";"0";"3";"3";"3";"5";"14";"20";"47";"76";"121";"143";"180";"271";"393";"530";"439";"192";"0";"3";"1";"0";"0";"2";"2";"2";"3";"9";"26";"48";"77";"102";"135";"189";"254";"384";"549";"418";"181";"0";"2";"0";"0";"0";"1";"2";"5";"10";"14";"32";"41";"88";"103";"155";"240";"252";"395";"534";"432";"159";"1";"0";"0";"1";"5";"4";"1";"7";"9";"15";"36";"31";"83";"109";"136";"208";"266";"400";"517";"422";"186";"0";"1";"0";"0";"0";"1";"3";"6";"9";"20";"18";"42";"77";"107";"145";"245";"241";"374";"526";"459";"182";"0";"1";"1";"2";"1";"3";"2";"5";"5";"12";"27";"57";"70";"106";"162";"232";"293";"395";"503";"460";"175"
"9 Ziekten van de spijsverteringsorganen|9.1 Maagzweer en zweer aan twaalfvinge..";"aantal";"0";"0";"1";"0";"0";"0";"0";"0";"1";"3";"1";"5";"3";"1";"10";"19";"36";"48";"52";"45";"11";"0";"0";"0";"0";"0";"0";"1";"0";"0";"1";"1";"0";"2";"4";"3";"4";"12";"20";"11";"10";"1";"0";"0";"0";"0";"0";"0";"0";"0";"0";"0";"1";"2";"1";"5";"4";"6";"13";"10";"20";"9";"3";"0";"0";"0";"0";"0";"0";"0";"0";"0";"1";"0";"2";"3";"4";"3";"4";"7";"17";"20";"18";"5";"0";"0";"0";"0";"0";"0";"0";"0";"0";"0";"1";"1";"0";"2";"7";"5";"12";"10";"14";"7";"3";"0";"0";"0";"0";"0";"0";"0";"0";"0";"0";"0";"1";"2";"2";"4";"10";"7";"14";"12";"13";"6";"0";"0";"0";"0";"0";"0";"0";"0";"0";"0";"1";"0";"3";"4";"1";"3";"8";"21";"17";"11";"5";"0";"0";"0";"0";"0";"0";"1";"0";"0";"0";"1";"1";"1";"1";"4";"9";"4";"13";"19";"16";"3";"0";"0";"0";"0";"0";"0";"0";"0";"0";"0";"1";"0";"0";"5";"5";"3";"9";"13";"17";"16";"2"
"9 Ziekten van de spijsverteringsorganen|9.2 Chronische leveraandoeningen|Totaal chronische leveraandoeningen";"aantal";"0";"0";"0";"0";"0";"0";"0";"0";"7";"21";"20";"52";"30";"30";"34";"39";"29";"35";"15";"0";"1";"0";"0";"0";"0";"0";"0";"0";"1";"1";"3";"12";"22";"28";"29";"52";"46";"24";"25";"15";"8";"1";"0";"0";"0";"0";"0";"0";"0";"0";"4";"6";"16";"22";"38";"41";"51";"38";"32";"28";"21";"5";"1";"0";"0";"0";"0";"0";"0";"1";"1";"4";"6";"4";"27";"37";"53";"50";"43";"40";"31";"22";"8";"2";"0";"0";"0";"0";"0";"0";"1";"0";"3";"4";"14";"22";"32";"38";"48";"40";"38";"35";"18";"6";"0";"0";"0";"0";"0";"0";"0";"1";"0";"2";"4";"17";"20";"43";"35";"48";"52";"34";"33";"17";"5";"0";"0";"0";"0";"0";"0";"0";"0";"2";"6";"7";"12";"11";"39";"48";"40";"60";"29";"41";"19";"6";"0";"0";"0";"0";"0";"0";"0";"0";"1";"5";"10";"11";"19";"31";"51";"41";"53";"35";"32";"26";"6";"2";"0";"0";"0";"0";"0";"0";"1";"1";"2";"4";"16";"26";"39";"43";"48";"49";"41";"38";"15";"11";"0"
"9 Ziekten van de spijsverteringsorganen|9.2 Chronische leveraandoeningen|9.2.1 Chronische leveraand. alcohol";"aantal";"0";"0";"0";"0";"0";"0";"0";"0";"5";"17";"18";"39";"23";"16";"20";"11";"7";"6";"1";"0";"0";"0";"0";"0";"0";"0";"0";"0";"0";"1";"1";"9";"13";"15";"20";"25";"17";"6";"2";"0";"1";"0";"0";"0";"0";"0";"0";"0";"0";"0";"4";"6";"12";"16";"23";"25";"26";"10";"8";"5";"2";"0";"1";"0";"0";"0";"0";"0";"0";"1";"1";"4";"5";"4";"20";"18";"24";"16";"11";"11";"3";"1";"0";"0";"0";"0";"0";"0";"0";"0";"1";"0";"3";"3";"7";"15";"19";"25";"17";"15";"6";"5";"2";"1";"0";"0";"0";"0";"0";"0";"0";"0";"0";"1";"3";"10";"14";"20";"22";"22";"18";"11";"2";"2";"0";"0";"0";"0";"0";"0";"0";"0";"0";"1";"5";"3";"11";"9";"24";"34";"20";"20";"6";"5";"0";"0";"0";"0";"0";"0";"0";"0";"0";"0";"0";"4";"9";"6";"16";"16";"24";"17";"16";"8";"4";"0";"0";"0";"0";"0";"0";"0";"0";"0";"1";"1";"2";"2";"13";"14";"19";"20";"18";"14";"13";"2";"1";"1";"0"
"9 Ziekten van de spijsverteringsorganen|9.2 Chronische leveraandoeningen|9.2.2 Ov. chronische leveraandoeningen";"aantal";"0";"0";"0";"0";"0";"0";"0";"0";"2";"4";"2";"13";"7";"14";"14";"28";"22";"29";"14";"0";"1";"0";"0";"0";"0";"0";"0";"0";"1";"0";"2";"3";"9";"13";"9";"27";"29";"18";"23";"15";"7";"1";"0";"0";"0";"0";"0";"0";"0";"0";"0";"0";"4";"6";"15";"16";"25";"28";"24";"23";"19";"5";"0";"0";"0";"0";"0";"0";"0";"0";"0";"0";"1";"0";"7";"19";"29";"34";"32";"29";"28";"21";"8";"2";"0";"0";"0";"0";"0";"0";"0";"0";"0";"1";"7";"7";"13";"13";"31";"25";"32";"30";"16";"5";"0";"0";"0";"0";"0";"0";"0";"1";"0";"1";"1";"7";"6";"23";"13";"26";"34";"23";"31";"15";"5";"0";"0";"0";"0";"0";"0";"0";"0";"1";"1";"4";"1";"2";"15";"14";"20";"40";"23";"36";"19";"6";"0";"0";"0";"0";"0";"0";"0";"0";"1";"1";"1";"5";"3";"15";"27";"24";"37";"27";"28";"26";"6";"2";"0";"0";"0";"0";"0";"0";"0";"0";"0";"2";"3";"12";"20";"23";"30";"35";"28";"36";"14";"10";"0"
"9 Ziekten van de spijsverteringsorganen|9.3 Ov. ziekten spijsverteringsorganen";"aantal";"1";"2";"0";"2";"1";"0";"5";"7";"11";"17";"21";"32";"33";"57";"91";"174";"337";"517";"579";"445";"144";"0";"0";"0";"0";"0";"2";"2";"7";"3";"15";"13";"33";"34";"57";"101";"108";"216";"353";"465";"418";"180";"1";"0";"1";"1";"1";"4";"4";"1";"2";"4";"13";"28";"34";"51";"128";"117";"180";"378";"474";"440";"149";"1";"1";"0";"0";"0";"3";"2";"2";"1";"7";"16";"18";"36";"64";"90";"133";"224";"345";"488";"413";"185";"0";"3";"1";"0";"0";"2";"1";"2";"0";"5";"11";"25";"45";"62";"80";"144";"204";"339";"517";"405";"178";"0";"2";"0";"0";"0";"1";"1";"5";"8";"10";"15";"20";"43";"66";"103";"178";"211";"348";"505";"414";"153";"1";"0";"0";"1";"5";"4";"1";"5";"3";"8";"23";"20";"41";"57";"95";"145";"229";"338";"481";"405";"181";"0";"1";"0";"0";"0";"1";"2";"5";"4";"10";"6";"22";"45";"55";"100";"183";"202";"329";"481";"437";"177";"0";"1";"1";"2";"1";"3";"1";"4";"3";"8";"10";"31";"31";"58";"109";"180";"243";"344";"471";"433";"173"
"10 Ziekten van huid en subcutis";"aantal";"0";"0";"0";"1";"0";"0";"0";"0";"1";"1";"0";"1";"4";"4";"10";"17";"42";"71";"90";"86";"50";"0";"0";"0";"0";"0";"0";"0";"0";"0";"0";"1";"4";"2";"4";"4";"5";"17";"34";"36";"61";"41";"0";"0";"0";"0";"0";"0";"0";"0";"0";"0";"0";"1";"0";"2";"3";"7";"8";"30";"43";"47";"28";"0";"0";"0";"0";"0";"0";"0";"1";"0";"0";"0";"0";"3";"2";"5";"6";"11";"23";"31";"60";"30";"0";"0";"0";"0";"0";"0";"0";"0";"1";"1";"2";"2";"1";"3";"6";"10";"12";"29";"50";"52";"31";"0";"0";"0";"0";"0";"0";"0";"0";"0";"0";"1";"0";"1";"5";"5";"12";"21";"24";"48";"48";"38";"0";"0";"0";"0";"0";"0";"0";"0";"0";"0";"1";"0";"0";"4";"10";"11";"17";"26";"52";"57";"35";"0";"0";"0";"0";"0";"0";"0";"0";"0";"0";"2";"0";"1";"4";"8";"8";"18";"28";"54";"52";"41";"1";"0";"0";"0";"0";"0";"0";"0";"0";"0";"0";"1";"4";"2";"3";"20";"23";"25";"54";"68";"41"
"11 Ziekten botspierstelsel en bindweef..|Totaal ziekten spieren, beend., bindwfsl";"aantal";"0";"1";"0";"0";"1";"1";"3";"2";"2";"5";"7";"7";"12";"15";"35";"46";"101";"113";"122";"87";"23";"0";"0";"0";"0";"1";"1";"1";"1";"2";"1";"7";"11";"15";"18";"34";"43";"64";"112";"191";"152";"51";"0";"0";"1";"1";"1";"1";"0";"1";"1";"7";"6";"6";"14";"22";"31";"45";"71";"123";"162";"139";"68";"0";"0";"0";"0";"0";"2";"1";"0";"6";"8";"6";"10";"12";"23";"43";"49";"69";"129";"176";"169";"70";"0";"0";"0";"0";"1";"0";"0";"0";"2";"0";"3";"10";"16";"24";"39";"48";"76";"132";"200";"169";"87";"0";"0";"0";"0";"0";"0";"0";"2";"1";"2";"4";"2";"12";"29";"27";"64";"73";"127";"166";"159";"75";"0";"0";"1";"0";"1";"1";"0";"1";"0";"1";"4";"12";"12";"15";"37";"59";"79";"127";"140";"122";"71";"0";"0";"0";"1";"1";"2";"1";"3";"3";"5";"4";"8";"18";"15";"31";"45";"80";"106";"167";"149";"65";"0";"0";"0";"2";"0";"0";"1";"0";"0";"2";"3";"6";"11";"20";"35";"56";"74";"104";"154";"141";"69"
"11 Ziekten botspierstelsel en bindweef..|11.1 Reumatoïde artritis en artrose";"aantal";"0";"0";"0";"0";"0";"0";"0";"0";"0";"0";"1";"2";"1";"6";"11";"16";"39";"30";"49";"35";"7";"0";"0";"0";"0";"0";"0";"0";"0";"0";"0";"1";"3";"3";"4";"14";"17";"30";"45";"77";"67";"30";"0";"0";"0";"0";"0";"0";"0";"0";"0";"0";"0";"2";"2";"4";"8";"17";"24";"56";"63";"60";"26";"0";"0";"0";"0";"0";"1";"0";"0";"0";"0";"0";"3";"2";"2";"16";"20";"28";"56";"73";"75";"39";"0";"0";"0";"0";"0";"0";"0";"0";"0";"0";"0";"5";"3";"3";"15";"19";"29";"50";"88";"76";"41";"0";"0";"0";"0";"0";"0";"0";"1";"0";"0";"0";"1";"4";"9";"7";"26";"23";"52";"75";"69";"31";"0";"0";"0";"0";"0";"0";"0";"0";"0";"0";"1";"1";"5";"5";"7";"17";"32";"43";"54";"39";"34";"0";"0";"0";"0";"1";"0";"0";"0";"0";"0";"1";"2";"2";"5";"7";"18";"23";"33";"71";"55";"28";"0";"0";"0";"0";"0";"0";"0";"0";"0";"0";"1";"3";"0";"2";"7";"21";"27";"39";"65";"62";"34"
"11 Ziekten botspierstelsel en bindweef..|11.2 Ov. zktn spieren, beend., bindwfsl";"aantal";"0";"1";"0";"0";"1";"1";"3";"2";"2";"5";"6";"5";"11";"9";"24";"30";"62";"83";"73";"52";"16";"0";"0";"0";"0";"1";"1";"1";"1";"2";"1";"6";"8";"12";"14";"20";"26";"34";"67";"114";"85";"21";"0";"0";"1";"1";"1";"1";"0";"1";"1";"7";"6";"4";"12";"18";"23";"28";"47";"67";"99";"79";"42";"0";"0";"0";"0";"0";"1";"1";"0";"6";"8";"6";"7";"10";"21";"27";"29";"41";"73";"103";"94";"31";"0";"0";"0";"0";"1";"0";"0";"0";"2";"0";"3";"5";"13";"21";"24";"29";"47";"82";"112";"93";"46";"0";"0";"0";"0";"0";"0";"0";"1";"1";"2";"4";"1";"8";"20";"20";"38";"50";"75";"91";"90";"44";"0";"0";"1";"0";"1";"1";"0";"1";"0";"1";"3";"11";"7";"10";"30";"42";"47";"84";"86";"83";"37";"0";"0";"0";"1";"0";"2";"1";"3";"3";"5";"3";"6";"16";"10";"24";"27";"57";"73";"96";"94";"37";"0";"0";"0";"2";"0";"0";"1";"0";"0";"2";"2";"3";"11";"18";"28";"35";"47";"65";"89";"79";"35"
"12 Ziekten van urogenitaal stelsel|Totaal zktn urinewegen en gesl. organen";"aantal";"1";"1";"0";"0";"0";"1";"1";"3";"1";"10";"8";"11";"20";"29";"60";"93";"202";"347";"458";"303";"123";"0";"0";"0";"0";"0";"0";"1";"1";"1";"3";"5";"10";"14";"32";"48";"86";"135";"289";"431";"445";"226";"0";"0";"0";"0";"1";"1";"1";"0";"1";"4";"7";"5";"17";"22";"56";"85";"159";"286";"468";"507";"232";"0";"0";"0";"1";"0";"1";"0";"0";"5";"4";"8";"8";"20";"26";"43";"75";"144";"303";"469";"435";"224";"1";"0";"1";"0";"0";"0";"0";"0";"0";"3";"5";"8";"16";"30";"54";"77";"152";"294";"426";"502";"250";"0";"0";"0";"0";"0";"0";"0";"0";"3";"2";"5";"9";"15";"30";"48";"108";"153";"259";"442";"451";"230";"0";"0";"0";"0";"0";"0";"2";"3";"2";"2";"6";"10";"18";"27";"51";"83";"167";"269";"426";"431";"244";"1";"0";"0";"0";"1";"0";"1";"2";"0";"1";"1";"9";"13";"39";"54";"89";"138";"255";"433";"451";"240";"0";"0";"0";"1";"0";"0";"2";"2";"4";"2";"7";"9";"22";"32";"60";"117";"169";"280";"445";"433";"280"
"12 Ziekten van urogenitaal stelsel|12.1 Ziekten van nier en urineleider";"aantal";"1";"1";"0";"0";"0";"1";"1";"3";"1";"6";"6";"8";"14";"24";"44";"64";"97";"147";"194";"141";"56";"0";"0";"0";"0";"0";"0";"1";"0";"1";"3";"2";"5";"10";"20";"29";"59";"81";"189";"273";"250";"110";"0";"0";"0";"0";"0";"0";"1";"0";"1";"4";"7";"5";"11";"17";"40";"67";"100";"178";"297";"294";"109";"0";"0";"0";"1";"0";"0";"0";"0";"2";"4";"8";"5";"14";"20";"32";"52";"105";"178";"281";"238";"110";"1";"0";"1";"0";"0";"0";"0";"0";"0";"3";"2";"5";"12";"24";"39";"56";"103";"194";"255";"283";"115";"0";"0";"0";"0";"0";"0";"0";"0";"2";"2";"4";"7";"12";"24";"35";"78";"99";"175";"280";"251";"124";"0";"0";"0";"0";"0";"0";"2";"3";"2";"2";"6";"6";"15";"20";"41";"52";"114";"190";"270";"236";"114";"1";"0";"0";"0";"1";"0";"1";"2";"0";"1";"0";"5";"9";"25";"42";"67";"90";"153";"247";"229";"136";"0";"0";"0";"1";"0";"0";"2";"1";"3";"1";"5";"6";"17";"27";"42";"79";"117";"182";"259";"248";"144"
"12 Ziekten van urogenitaal stelsel|12.2 Ov. zktn urinewegen en gesl.organen";"aantal";"0";"0";"0";"0";"0";"0";"0";"0";"0";"4";"2";"3";"6";"5";"16";"29";"105";"200";"264";"162";"67";"0";"0";"0";"0";"0";"0";"0";"1";"0";"0";"3";"5";"4";"12";"19";"27";"54";"100";"158";"195";"116";"0";"0";"0";"0";"1";"1";"0";"0";"0";"0";"0";"0";"6";"5";"16";"18";"59";"108";"171";"213";"123";"0";"0";"0";"0";"0";"1";"0";"0";"3";"0";"0";"3";"6";"6";"11";"23";"39";"125";"188";"197";"114";"0";"0";"0";"0";"0";"0";"0";"0";"0";"0";"3";"3";"4";"6";"15";"21";"49";"100";"171";"219";"135";"0";"0";"0";"0";"0";"0";"0";"0";"1";"0";"1";"2";"3";"6";"13";"30";"54";"84";"162";"200";"106";"0";"0";"0";"0";"0";"0";"0";"0";"0";"0";"0";"4";"3";"7";"10";"31";"53";"79";"156";"195";"130";"0";"0";"0";"0";"0";"0";"0";"0";"0";"0";"1";"4";"4";"14";"12";"22";"48";"102";"186";"222";"104";"0";"0";"0";"0";"0";"0";"0";"1";"1";"1";"2";"3";"5";"5";"18";"38";"52";"98";"186";"185";"136"
"13 Zwangerschap, bevalling en kraambed.";"aantal";"0";"0";"0";"0";"1";"1";"4";"7";"4";"1";"0";"0";"0";"0";"0";"0";"0";"0";"0";"0";"0";"0";"0";"0";"0";"1";"0";"2";"1";"1";"0";"0";"0";"0";"0";"0";"0";"0";"0";"0";"0";"0";"0";"0";"0";"0";"1";"1";"0";"2";"2";"0";"0";"0";"0";"0";"0";"0";"0";"0";"0";"0";"0";"0";"0";"0";"0";"0";"0";"3";"1";"2";"0";"0";"0";"0";"0";"0";"0";"0";"0";"0";"0";"0";"0";"0";"0";"0";"0";"0";"0";"3";"0";"0";"0";"0";"0";"0";"0";"0";"0";"0";"0";"0";"0";"0";"0";"0";"0";"1";"1";"1";"0";"1";"1";"0";"0";"0";"0";"0";"0";"0";"0";"0";"0";"0";"0";"0";"0";"0";"1";"0";"3";"2";"3";"0";"0";"0";"0";"0";"0";"0";"0";"0";"0";"0";"0";"0";"0";"0";"0";"0";"0";"0";"1";"0";"1";"0";"0";"0";"0";"0";"0";"0";"0";"0";"0";"0";"0";"0";"0";"0";"0";"0";"0";"3";"1";"1";"0";"0";"0";"0";"0";"0";"0";"0";"0";"0";"0"
"14 Aandoeningen v.d. perinatale periode";"aantal";"238";"0";"0";"1";"0";"0";"0";"0";"0";"0";"0";"0";"0";"0";"0";"0";"0";"0";"0";"0";"0";"172";"0";"0";"0";"0";"0";"0";"0";"0";"0";"0";"0";"0";"0";"0";"0";"0";"0";"0";"0";"0";"147";"0";"0";"0";"0";"0";"0";"0";"1";"0";"0";"0";"0";"0";"0";"0";"0";"0";"0";"0";"0";"160";"0";"0";"0";"0";"0";"0";"0";"0";"0";"0";"0";"0";"0";"0";"0";"0";"0";"0";"0";"0";"169";"0";"0";"0";"0";"0";"0";"0";"0";"0";"0";"0";"0";"0";"0";"0";"0";"0";"0";"0";"0";"141";"0";"0";"0";"0";"0";"0";"0";"0";"0";"0";"0";"0";"0";"0";"0";"0";"0";"0";"0";"0";"162";"0";"0";"0";"0";"0";"0";"0";"0";"0";"0";"0";"0";"0";"0";"0";"0";"0";"0";"0";"0";"171";"0";"0";"0";"0";"0";"0";"0";"0";"0";"0";"0";"0";"0";"0";"0";"0";"0";"0";"0";"0";"173";"0";"0";"0";"0";"0";"0";"0";"0";"0";"0";"0";"0";"0";"0";"0";"0";"0";"0";"0";"0"
"15 Aangeboren afwijkingen|Totaal aangeboren afwijkingen";"aantal";"162";"12";"3";"3";"6";"7";"1";"5";"10";"11";"8";"14";"16";"9";"8";"8";"4";"4";"0";"1";"0";"69";"7";"2";"5";"1";"2";"0";"1";"5";"4";"9";"14";"17";"25";"11";"8";"7";"0";"3";"0";"0";"63";"7";"4";"4";"6";"0";"0";"2";"4";"2";"9";"15";"28";"37";"22";"9";"4";"4";"3";"0";"0";"70";"4";"3";"1";"2";"0";"5";"2";"5";"7";"9";"27";"33";"26";"12";"5";"5";"3";"1";"0";"1";"54";"4";"3";"2";"4";"5";"7";"3";"4";"3";"13";"14";"22";"40";"15";"6";"4";"2";"2";"1";"0";"71";"5";"4";"0";"5";"2";"0";"1";"1";"5";"13";"20";"34";"48";"20";"11";"7";"6";"3";"0";"0";"69";"8";"5";"4";"7";"5";"1";"7";"6";"5";"8";"17";"29";"32";"14";"11";"5";"3";"1";"3";"0";"73";"5";"0";"3";"3";"7";"4";"3";"1";"4";"3";"12";"24";"24";"19";"7";"6";"4";"5";"0";"1";"56";"2";"4";"2";"4";"5";"2";"3";"9";"6";"4";"19";"25";"26";"14";"9";"5";"1";"4";"2";"0"
"15 Aangeboren afwijkingen|15.1 Aangeboren afw. zenuwstelsel";"aantal";"32";"2";"0";"0";"0";"1";"0";"0";"2";"1";"0";"1";"3";"0";"2";"1";"0";"0";"0";"0";"0";"7";"1";"0";"1";"0";"1";"0";"0";"1";"0";"0";"1";"2";"1";"0";"0";"0";"0";"0";"0";"0";"9";"1";"1";"1";"1";"0";"0";"0";"2";"1";"1";"1";"0";"0";"0";"0";"0";"0";"0";"0";"0";"10";"3";"0";"0";"0";"0";"0";"0";"1";"0";"2";"4";"1";"0";"0";"0";"0";"0";"0";"0";"0";"9";"3";"0";"1";"1";"0";"1";"0";"3";"0";"1";"0";"2";"0";"1";"0";"1";"0";"0";"1";"0";"9";"0";"1";"0";"3";"0";"0";"1";"0";"0";"3";"0";"0";"1";"1";"0";"0";"1";"0";"0";"0";"11";"3";"2";"1";"2";"1";"0";"2";"1";"1";"0";"0";"1";"1";"0";"0";"0";"0";"0";"0";"0";"10";"0";"0";"0";"0";"1";"0";"1";"0";"1";"0";"3";"0";"0";"1";"1";"0";"0";"1";"0";"0";"7";"1";"2";"1";"1";"1";"0";"1";"1";"0";"2";"2";"0";"1";"1";"0";"1";"0";"0";"0";"0"
"15 Aangeboren afwijkingen|15.2 Aangeboren afw. hart en bloedvaten";"aantal";"47";"6";"0";"1";"2";"2";"0";"3";"3";"2";"1";"1";"2";"2";"1";"3";"2";"1";"0";"0";"0";"14";"2";"2";"1";"0";"1";"0";"1";"2";"0";"2";"0";"1";"0";"1";"1";"2";"0";"1";"0";"0";"19";"2";"1";"2";"0";"0";"0";"1";"0";"1";"2";"1";"5";"3";"0";"0";"1";"1";"2";"0";"0";"16";"0";"0";"1";"1";"0";"2";"0";"0";"2";"1";"2";"0";"2";"1";"0";"0";"2";"0";"0";"1";"9";"0";"1";"0";"1";"2";"1";"1";"0";"2";"2";"1";"3";"2";"0";"1";"1";"1";"0";"0";"0";"20";"1";"0";"0";"1";"1";"0";"0";"0";"1";"3";"3";"4";"2";"1";"4";"1";"1";"0";"0";"0";"20";"2";"1";"1";"4";"0";"1";"2";"4";"0";"1";"1";"3";"2";"0";"1";"2";"1";"0";"0";"0";"21";"0";"0";"0";"2";"1";"0";"0";"1";"2";"1";"0";"1";"4";"1";"0";"3";"1";"1";"0";"0";"16";"1";"0";"0";"1";"2";"1";"0";"4";"1";"0";"2";"2";"2";"1";"1";"2";"1";"0";"1";"0"
"15 Aangeboren afwijkingen|15.3 Overige aangeboren afwijkingen";"aantal";"83";"4";"3";"2";"4";"4";"1";"2";"5";"8";"7";"12";"11";"7";"5";"4";"2";"3";"0";"1";"0";"48";"4";"0";"3";"1";"0";"0";"0";"2";"4";"7";"13";"14";"24";"10";"7";"5";"0";"2";"0";"0";"35";"4";"2";"1";"5";"0";"0";"1";"2";"0";"6";"13";"23";"34";"22";"9";"3";"3";"1";"0";"0";"44";"1";"3";"0";"1";"0";"3";"2";"4";"5";"6";"21";"32";"24";"11";"5";"5";"1";"1";"0";"0";"36";"1";"2";"1";"2";"3";"5";"2";"1";"1";"10";"13";"17";"38";"14";"5";"2";"1";"2";"0";"0";"42";"4";"3";"0";"1";"1";"0";"0";"1";"4";"7";"17";"30";"45";"18";"7";"6";"4";"3";"0";"0";"38";"3";"2";"2";"1";"4";"0";"3";"1";"4";"7";"16";"25";"29";"14";"10";"3";"2";"1";"3";"0";"42";"5";"0";"3";"1";"5";"4";"2";"0";"1";"2";"9";"23";"20";"17";"6";"3";"3";"3";"0";"1";"33";"0";"2";"1";"2";"2";"1";"2";"4";"5";"2";"15";"23";"23";"12";"8";"2";"0";"4";"1";"0"
"16 Sympt., afwijkende klinische bevind..|Totaal symp. en onvoll. omschr. ziekte..";"aantal";"26";"11";"4";"3";"11";"16";"15";"23";"34";"45";"81";"94";"102";"107";"168";"240";"425";"586";"795";"832";"562";"7";"7";"2";"1";"4";"12";"11";"14";"14";"24";"44";"59";"63";"111";"146";"185";"185";"299";"443";"728";"648";"5";"3";"2";"1";"5";"6";"11";"10";"9";"19";"31";"61";"53";"92";"141";"151";"182";"283";"531";"783";"632";"12";"2";"2";"2";"8";"9";"5";"18";"14";"24";"39";"65";"73";"104";"153";"170";"198";"317";"560";"813";"721";"3";"2";"0";"1";"1";"7";"9";"16";"24";"27";"33";"66";"81";"115";"146";"147";"197";"323";"615";"833";"733";"8";"2";"1";"0";"2";"5";"10";"13";"17";"25";"33";"47";"70";"111";"135";"183";"256";"341";"607";"843";"818";"12";"6";"2";"0";"2";"13";"14";"14";"14";"18";"41";"66";"87";"124";"140";"213";"231";"334";"608";"879";"767";"10";"4";"4";"3";"5";"5";"9";"11";"19";"28";"27";"68";"89";"136";"171";"250";"283";"449";"737";"948";"780";"9";"7";"3";"3";"2";"17";"7";"23";"30";"45";"55";"91";"147";"203";"274";"362";"354";"556";"857";"1006";"870"
"16 Sympt., afwijkende klinische bevind..|16.1 Wiegendood";"aantal";"8";"";"";"";"";"";"";"";"";"";"";"";"";"";"";"";"";"";"";"";"";"2";"";"";"";"";"";"";"";"";"";"";"";"";"";"";"";"";"";"";"";"";"2";"";"";"";"";"";"";"";"";"";"";"";"";"";"";"";"";"";"";"";"";"5";"";"";"";"";"";"";"";"";"";"";"";"";"";"";"";"";"";"";"";"";"2";"";"";"";"";"";"";"";"";"";"";"";"";"";"";"";"";"";"";"";"";"3";"";"";"";"";"";"";"";"";"";"";"";"";"";"";"";"";"";"";"";"";"8";"";"";"";"";"";"";"";"";"";"";"";"";"";"";"";"";"";"";"";"";"6";"";"";"";"";"";"";"";"";"";"";"";"";"";"";"";"";"";"";"";"";"1";"";"";"";"";"";"";"";"";"";"";"";"";"";"";"";"";"";"";"";""
"16 Sympt., afwijkende klinische bevind..|16.2 Onvoll. omschr. en onbek. oorzaken";"aantal";"17";"10";"4";"3";"11";"16";"14";"23";"34";"38";"76";"82";"96";"101";"157";"206";"324";"333";"328";"206";"74";"5";"7";"2";"1";"4";"12";"11";"14";"13";"22";"37";"55";"58";"92";"129";"154";"139";"174";"125";"106";"65";"2";"3";"2";"1";"5";"6";"10";"9";"9";"16";"30";"52";"45";"88";"121";"128";"127";"143";"125";"123";"32";"7";"2";"2";"2";"8";"8";"5";"17";"13";"24";"36";"57";"68";"91";"138";"135";"153";"145";"167";"127";"44";"1";"1";"0";"1";"1";"6";"9";"16";"23";"26";"32";"60";"71";"100";"129";"119";"154";"159";"218";"137";"86";"4";"2";"1";"0";"2";"5";"10";"13";"16";"23";"31";"44";"62";"100";"114";"152";"181";"156";"189";"132";"86";"4";"6";"2";"0";"1";"13";"14";"14";"13";"18";"38";"63";"82";"110";"124";"183";"165";"162";"185";"152";"68";"4";"4";"4";"3";"5";"4";"9";"11";"16";"27";"26";"62";"82";"128";"152";"216";"222";"276";"259";"202";"99";"7";"7";"3";"3";"2";"17";"7";"21";"30";"44";"53";"86";"134";"180";"245";"308";"288";"352";"393";"288";"167"
"16 Sympt., afwijkende klinische bevind..|16.3 Ov. symptomen en onvolledig omsch..";"aantal";"1";"1";"0";"0";"0";"0";"1";"0";"0";"7";"5";"12";"6";"6";"11";"34";"101";"253";"467";"626";"488";"0";"0";"0";"0";"0";"0";"0";"0";"1";"2";"7";"4";"5";"19";"17";"31";"46";"125";"318";"622";"583";"1";"0";"0";"0";"0";"0";"1";"1";"0";"3";"1";"9";"8";"4";"20";"23";"55";"140";"406";"660";"600";"0";"0";"0";"0";"0";"1";"0";"1";"1";"0";"3";"8";"5";"13";"15";"35";"45";"172";"393";"686";"677";"0";"1";"0";"0";"0";"1";"0";"0";"1";"1";"1";"6";"10";"15";"17";"28";"43";"164";"397";"696";"647";"1";"0";"0";"0";"0";"0";"0";"0";"1";"2";"2";"3";"8";"11";"21";"31";"75";"185";"418";"711";"732";"0";"0";"0";"0";"1";"0";"0";"0";"1";"0";"3";"3";"5";"14";"16";"30";"66";"172";"423";"727";"699";"0";"0";"0";"0";"0";"1";"0";"0";"3";"1";"1";"6";"7";"8";"19";"34";"61";"173";"478";"746";"681";"1";"0";"0";"0";"0";"0";"0";"2";"0";"1";"2";"5";"13";"23";"29";"54";"66";"204";"464";"718";"703"
"17 Uitwendige doodsoorzaken|Totaal uitwendige doodsoorzaken";"aantal";"6";"24";"12";"13";"54";"46";"59";"62";"78";"79";"106";"99";"86";"87";"99";"114";"203";"217";"335";"265";"102";"2";"10";"8";"15";"47";"45";"50";"49";"55";"69";"99";"116";"124";"103";"107";"138";"205";"391";"605";"664";"234";"7";"2";"3";"11";"28";"35";"44";"49";"44";"60";"94";"102";"127";"119";"120";"144";"232";"434";"725";"713";"308";"4";"5";"5";"9";"24";"39";"47";"49";"52";"54";"90";"118";"114";"105";"150";"144";"244";"490";"758";"794";"351";"5";"5";"10";"11";"36";"37";"38";"48";"44";"69";"93";"94";"115";"115";"119";"158";"245";"502";"779";"852";"437";"1";"7";"8";"7";"31";"42";"55";"53";"50";"60";"88";"111";"140";"123";"139";"199";"307";"532";"913";"972";"464";"5";"7";"2";"5";"40";"57";"56";"53";"58";"53";"70";"96";"113";"122";"121";"187";"321";"595";"917";"972";"482";"5";"6";"2";"14";"34";"55";"52";"51";"56";"47";"66";"97";"109";"108";"128";"223";"310";"627";"1031";"1013";"547";"2";"4";"11";"12";"26";"54";"55";"60";"47";"56";"67";"90";"106";"114";"138";"215";"355";"659";"1043";"1047";"613"
"17 Uitwendige doodsoorzaken|17.1 Ongevallen|Totaal ongevallen";"aantal";"3";"23";"10";"12";"37";"25";"24";"17";"23";"26";"23";"41";"34";"43";"64";"74";"174";"195";"318";"251";"101";"2";"7";"4";"6";"14";"12";"12";"13";"7";"14";"14";"20";"24";"37";"65";"94";"150";"317";"507";"552";"200";"4";"1";"1";"4";"10";"13";"9";"13";"8";"10";"22";"26";"37";"52";"70";"89";"175";"367";"618";"603";"262";"3";"3";"5";"6";"8";"17";"14";"12";"7";"12";"19";"39";"40";"43";"85";"98";"188";"411";"631";"666";"303";"4";"4";"7";"4";"7";"10";"9";"16";"8";"19";"23";"25";"27";"36";"63";"98";"199";"404";"660";"725";"360";"1";"7";"6";"6";"10";"7";"7";"11";"10";"11";"27";"34";"42";"48";"76";"135";"244";"434";"783";"805";"393";"5";"7";"0";"2";"16";"18";"15";"12";"20";"13";"19";"25";"33";"51";"72";"136";"253";"507";"766";"815";"417";"1";"4";"2";"8";"9";"14";"10";"12";"17";"15";"7";"28";"31";"47";"74";"169";"250";"550";"899";"907";"485";"0";"4";"11";"2";"13";"13";"15";"15";"10";"16";"21";"22";"30";"62";"79";"154";"290";"559";"922";"932";"551"
"17 Uitwendige doodsoorzaken|17.1 Ongevallen|17.1.1 Vervoersongevallen|Totaal vervoersongevallen";"aantal";"0";"6";"7";"8";"34";"19";"20";"12";"16";"15";"12";"18";"15";"14";"20";"24";"28";"10";"12";"1";"0";"0";"0";"1";"5";"11";"9";"8";"7";"2";"7";"4";"7";"3";"5";"10";"17";"26";"17";"20";"4";"2";"0";"1";"0";"3";"10";"5";"6";"4";"3";"2";"8";"12";"7";"11";"12";"15";"24";"18";"8";"5";"1";"0";"1";"3";"5";"6";"13";"9";"6";"3";"2";"8";"13";"13";"8";"15";"15";"21";"23";"15";"3";"0";"0";"1";"5";"3";"7";"8";"6";"8";"5";"11";"7";"6";"10";"7";"12";"10";"17";"21";"12";"5";"3";"0";"2";"5";"4";"7";"6";"4";"4";"4";"4";"11";"12";"9";"13";"11";"30";"17";"26";"24";"5";"1";"0";"1";"0";"1";"12";"13";"5";"9";"8";"4";"6";"8";"11";"11";"18";"21";"28";"23";"14";"6";"1";"0";"1";"1";"4";"6";"10";"3";"8";"5";"1";"3";"5";"10";"11";"16";"19";"29";"18";"11";"5";"2";"0";"1";"7";"2";"11";"8";"6";"5";"2";"6";"4";"5";"11";"12";"13";"17";"13";"27";"15";"4";"2"
"17 Uitwendige doodsoorzaken|17.1 Ongevallen|17.1.1 Vervoersongevallen|17.1.1.1 Wegverkeersongevallen";"aantal";"0";"5";"7";"8";"32";"19";"20";"12";"16";"15";"12";"18";"15";"14";"19";"24";"27";"10";"11";"1";"0";"0";"0";"1";"5";"11";"9";"8";"7";"2";"7";"2";"7";"3";"5";"8";"16";"26";"15";"18";"3";"2";"0";"0";"0";"3";"10";"5";"5";"4";"3";"2";"7";"12";"7";"11";"10";"14";"23";"18";"7";"5";"1";"0";"1";"1";"4";"6";"13";"8";"6";"3";"2";"8";"12";"12";"8";"14";"15";"20";"22";"13";"2";"0";"0";"1";"5";"3";"7";"8";"6";"8";"5";"11";"7";"6";"10";"6";"12";"10";"15";"21";"11";"4";"2";"0";"2";"4";"4";"6";"6";"4";"4";"4";"4";"11";"11";"9";"12";"9";"28";"16";"26";"23";"4";"0";"0";"1";"0";"1";"11";"11";"5";"9";"8";"4";"6";"6";"11";"10";"17";"20";"28";"22";"12";"5";"0";"0";"0";"1";"4";"6";"10";"3";"8";"4";"1";"3";"5";"9";"11";"14";"19";"29";"17";"7";"5";"1";"0";"0";"6";"2";"11";"7";"6";"5";"2";"6";"3";"5";"11";"12";"13";"15";"11";"22";"13";"4";"1"
"17 Uitwendige doodsoorzaken|17.1 Ongevallen|17.1.1 Vervoersongevallen|17.1.1.2 Overige vervoersongevallen";"aantal";"0";"1";"0";"0";"2";"0";"0";"0";"0";"0";"0";"0";"0";"0";"1";"0";"1";"0";"1";"0";"0";"0";"0";"0";"0";"0";"0";"0";"0";"0";"0";"2";"0";"0";"0";"2";"1";"0";"2";"2";"1";"0";"0";"1";"0";"0";"0";"0";"1";"0";"0";"0";"1";"0";"0";"0";"2";"1";"1";"0";"1";"0";"0";"0";"0";"2";"1";"0";"0";"1";"0";"0";"0";"0";"1";"1";"0";"1";"0";"1";"1";"2";"1";"0";"0";"0";"0";"0";"0";"0";"0";"0";"0";"0";"0";"0";"0";"1";"0";"0";"2";"0";"1";"1";"1";"0";"0";"1";"0";"1";"0";"0";"0";"0";"0";"0";"1";"0";"1";"2";"2";"1";"0";"1";"1";"1";"0";"0";"0";"0";"1";"2";"0";"0";"0";"0";"0";"2";"0";"1";"1";"1";"0";"1";"2";"1";"1";"0";"1";"0";"0";"0";"0";"0";"0";"1";"0";"0";"0";"1";"0";"2";"0";"0";"1";"4";"0";"1";"0";"1";"1";"0";"0";"1";"0";"0";"0";"0";"1";"0";"0";"0";"0";"2";"2";"5";"2";"0";"1"
"17 Uitwendige doodsoorzaken|17.1 Ongevallen|17.1.2 Accidentele val";"aantal";"0";"1";"0";"1";"0";"1";"1";"2";"1";"2";"7";"14";"14";"20";"30";"43";"115";"166";"288";"238";"96";"0";"0";"0";"0";"0";"1";"0";"0";"2";"2";"4";"9";"15";"23";"42";"63";"114";"284";"470";"541";"198";"1";"0";"0";"0";"0";"0";"1";"1";"0";"3";"8";"9";"19";"25";"43";"64";"135";"329";"593";"579";"258";"1";"0";"1";"0";"1";"1";"0";"1";"0";"4";"6";"17";"19";"23";"58";"73";"155";"367";"592";"648";"299";"0";"0";"0";"0";"0";"0";"0";"2";"0";"0";"6";"12";"10";"24";"44";"83";"169";"369";"631";"705";"354";"0";"1";"0";"0";"2";"0";"0";"1";"2";"2";"4";"14";"19";"29";"55";"90";"210";"396";"737";"788";"392";"0";"1";"0";"0";"0";"1";"3";"1";"3";"3";"5";"8";"12";"31";"43";"98";"215";"474";"739";"796";"410";"0";"0";"0";"1";"1";"0";"1";"1";"0";"3";"0";"13";"16";"29";"52";"127";"214";"515";"870";"893";"477";"0";"0";"2";"0";"1";"0";"0";"1";"2";"1";"7";"8";"13";"39";"57";"131";"267";"515";"888";"921";"546"
"17 Uitwendige doodsoorzaken|17.1 Ongevallen|17.1.3 Accidentele verdrinking";"aantal";"0";"11";"0";"1";"0";"0";"0";"0";"1";"2";"1";"2";"2";"3";"4";"1";"3";"1";"0";"1";"1";"0";"2";"3";"0";"2";"1";"0";"0";"1";"0";"2";"1";"0";"2";"3";"3";"1";"1";"1";"0";"0";"0";"0";"1";"1";"0";"0";"0";"0";"2";"0";"1";"0";"1";"1";"1";"1";"3";"7";"0";"0";"0";"0";"1";"0";"1";"0";"0";"1";"0";"0";"1";"1";"2";"2";"3";"2";"2";"1";"0";"3";"1";"0";"1";"2";"0";"0";"0";"1";"1";"1";"0";"0";"0";"1";"1";"0";"2";"1";"2";"4";"1";"0";"0";"0";"3";"0";"1";"0";"0";"0";"1";"0";"1";"1";"1";"2";"1";"2";"2";"2";"2";"2";"2";"0";"0";"1";"0";"0";"1";"0";"0";"0";"0";"0";"0";"1";"0";"0";"1";"3";"2";"1";"2";"0";"0";"0";"2";"0";"1";"1";"0";"1";"0";"1";"0";"1";"1";"1";"1";"1";"4";"1";"4";"2";"0";"0";"0";"0";"2";"0";"0";"1";"0";"3";"1";"1";"0";"1";"1";"1";"1";"1";"3";"3";"2";"0";"0"
"17 Uitwendige doodsoorzaken|17.1 Ongevallen|17.1.4 Accidentele vergiftiging";"aantal";"0";"0";"0";"0";"0";"3";"2";"2";"1";"5";"0";"3";"2";"0";"0";"0";"5";"1";"0";"1";"0";"0";"1";"0";"0";"0";"0";"3";"6";"1";"3";"3";"2";"2";"3";"1";"4";"1";"6";"2";"1";"0";"0";"0";"0";"0";"0";"4";"2";"7";"3";"1";"4";"1";"4";"4";"5";"0";"1";"1";"2";"1";"1";"0";"0";"0";"0";"1";"3";"4";"4";"4";"3";"2";"2";"4";"1";"2";"2";"2";"3";"1";"1";"0";"0";"0";"0";"0";"0";"1";"2";"5";"3";"7";"6";"3";"2";"1";"3";"2";"2";"0";"4";"1";"1";"0";"1";"0";"0";"1";"1";"3";"1";"4";"3";"10";"3";"6";"4";"5";"0";"2";"2";"4";"0";"0";"0";"0";"0";"0";"2";"4";"6";"2";"9";"4";"4";"8";"4";"3";"5";"2";"1";"2";"2";"1";"0";"0";"0";"0";"0";"1";"2";"3";"2";"8";"11";"2";"7";"2";"3";"2";"3";"0";"3";"5";"2";"1";"0";"0";"0";"0";"1";"4";"5";"4";"5";"7";"8";"6";"4";"4";"2";"1";"2";"4";"3";"1";"0"
"17 Uitwendige doodsoorzaken|17.1 Ongevallen|17.1.5 Overige ongevallen";"aantal";"3";"5";"3";"2";"3";"2";"1";"1";"4";"2";"3";"4";"1";"6";"10";"6";"23";"17";"18";"10";"4";"2";"4";"0";"1";"1";"1";"1";"0";"1";"2";"1";"1";"4";"4";"9";"7";"8";"9";"14";"6";"0";"3";"0";"0";"0";"0";"4";"0";"1";"0";"4";"1";"4";"6";"11";"9";"9";"12";"12";"15";"18";"2";"2";"1";"1";"0";"0";"0";"0";"1";"0";"2";"2";"5";"2";"8";"8";"6";"9";"18";"20";"13";"4";"3";"1";"2";"1";"0";"0";"0";"0";"0";"1";"4";"3";"4";"4";"2";"2";"9";"10";"12";"14";"2";"1";"0";"1";"1";"0";"0";"0";"4";"0";"1";"1";"4";"6";"1";"3";"13";"13";"8";"16";"10";"0";"5";"4";"0";"1";"1";"0";"1";"0";"0";"2";"4";"0";"6";"6";"5";"12";"7";"7";"9";"12";"6";"1";"1";"1";"2";"0";"2";"2";"1";"3";"0";"1";"2";"2";"3";"3";"16";"6";"10";"11";"7";"5";"0";"3";"0";"0";"0";"0";"4";"2";"0";"1";"2";"2";"1";"6";"6";"4";"5";"10";"14";"6";"3"
"17 Uitwendige doodsoorzaken|17.2 Zelfdoding";"aantal";"0";"0";"0";"0";"8";"10";"26";"41";"48";"49";"76";"48";"46";"41";"28";"31";"19";"15";"11";"4";"0";"0";"0";"0";"1";"23";"25";"28";"26";"38";"38";"76";"76";"80";"56";"33";"28";"21";"22";"10";"8";"0";"0";"0";"0";"6";"14";"20";"32";"33";"33";"45";"63";"70";"82";"60";"42";"36";"27";"13";"13";"2";"0";"0";"0";"0";"3";"15";"20";"31";"34";"39";"39";"64";"73";"68";"55";"57";"29";"36";"24";"17";"7";"3";"0";"0";"0";"3";"28";"25";"24";"29";"34";"41";"63";"63";"81";"70";"50";"41";"20";"23";"11";"6";"1";"0";"0";"0";"1";"20";"32";"44";"36";"37";"43";"57";"73";"88";"63";"51";"40";"30";"19";"17";"1";"1";"0";"0";"0";"2";"22";"35";"38";"38";"33";"34";"46";"65";"71";"62";"41";"33";"27";"14";"12";"5";"1";"0";"0";"0";"4";"23";"39";"36";"32";"33";"30";"53";"61";"71";"56";"40";"39";"29";"28";"16";"3";"2";"0";"0";"0";"7";"13";"35";"36";"39";"32";"36";"43";"61";"68";"44";"49";"43";"25";"23";"9";"2";"1"
"17 Uitwendige doodsoorzaken|17.3 Moord en doodslag";"aantal";"0";"0";"2";"1";"9";"10";"9";"1";"5";"3";"4";"5";"3";"0";"2";"2";"3";"0";"0";"1";"0";"0";"0";"0";"0";"3";"2";"3";"2";"3";"1";"2";"1";"2";"0";"3";"4";"0";"1";"3";"0";"0";"1";"0";"1";"1";"3";"1";"3";"2";"2";"4";"5";"4";"2";"5";"3";"0";"2";"1";"0";"0";"2";"1";"1";"0";"0";"1";"2";"2";"3";"5";"3";"2";"3";"2";"0";"1";"1";"1";"2";"1";"0";"1";"1";"1";"2";"4";"0";"2";"3";"2";"1";"6";"3";"2";"6";"3";"0";"3";"1";"2";"1";"0";"0";"0";"0";"2";"0";"1";"3";"3";"4";"3";"5";"3";"3";"4";"1";"1";"1";"2";"0";"0";"0";"0";"0";"0";"2";"1";"2";"4";"3";"2";"4";"5";"2";"2";"6";"4";"1";"2";"1";"0";"0";"1";"0";"4";"1";"0";"1";"1";"2";"4";"7";"6";"1";"3";"2";"5";"1";"2";"0";"0";"1";"3";"0";"0";"1";"0";"0";"2";"0";"4";"4";"5";"3";"1";"3";"4";"3";"0";"2";"2";"2";"0";"1";"0";"0"
"17 Uitwendige doodsoorzaken|17.4 Gebeurtenissen opzet onbekend";"aantal";"1";"0";"0";"0";"0";"0";"0";"2";"2";"0";"1";"3";"1";"1";"0";"0";"1";"1";"0";"0";"0";"0";"1";"1";"0";"0";"0";"1";"0";"0";"3";"1";"2";"3";"2";"2";"1";"4";"0";"2";"0";"1";"2";"1";"1";"0";"0";"0";"0";"1";"1";"1";"2";"1";"0";"1";"0";"1";"1";"1";"0";"0";"0";"0";"0";"0";"0";"0";"0";"0";"0";"1";"0";"2";"1";"2";"0";"0";"1";"0";"0";"0";"0";"0";"0";"0";"0";"0";"1";"0";"1";"0";"0";"1";"1";"1";"0";"0";"0";"0";"0";"0";"1";"1";"0";"0";"0";"0";"0";"0";"0";"1";"1";"0";"0";"0";"0";"1";"0";"1";"1";"1";"2";"2";"0";"0";"0";"0";"0";"0";"0";"0";"0";"1";"0";"1";"0";"4";"1";"1";"3";"2";"0";"1";"2";"2";"0";"0";"0";"0";"0";"1";"0";"2";"0";"0";"1";"1";"2";"1";"1";"1";"1";"2";"0";"0";"0";"0";"1";"0";"0";"0";"0";"1";"0";"1";"2";"1";"0";"0";"2";"0";"3";"0";"0";"1";"0";"0";"0"
"17 Uitwendige doodsoorzaken|17.5 Overige uitwendige doodsoorzaken";"aantal";"2";"1";"0";"0";"0";"1";"0";"1";"0";"1";"2";"2";"2";"2";"5";"7";"6";"6";"6";"9";"1";"0";"2";"3";"8";"7";"6";"6";"8";"7";"13";"6";"17";"15";"8";"4";"11";"30";"51";"83";"104";"33";"0";"0";"0";"0";"1";"1";"0";"0";"0";"0";"2";"1";"6";"1";"5";"18";"27";"52";"94";"108";"44";"0";"1";"0";"0";"0";"0";"0";"0";"0";"0";"3";"2";"2";"7";"7";"15";"19";"53";"109";"121";"44";"0";"0";"1";"0";"0";"0";"1";"1";"1";"2";"3";"3";"1";"6";"6";"16";"25";"73";"106";"120";"76";"0";"0";"0";"0";"0";"0";"0";"1";"0";"1";"1";"1";"5";"11";"10";"22";"30";"77";"111";"166";"70";"0";"0";"0";"0";"0";"0";"0";"0";"1";"0";"3";"0";"2";"4";"4";"14";"40";"73";"137";"149";"64";"0";"1";"0";"1";"0";"0";"0";"0";"0";"0";"2";"4";"1";"3";"11";"14";"29";"48";"113";"103";"60";"0";"0";"0";"1";"0";"1";"0";"0";"0";"2";"0";"3";"3";"8";"5";"16";"38";"76";"111";"113";"61"
"18 COVID-19 (Coronavirus ziekte 19)|18 Totaal COVID-19 (Coronavirus 19)";"aantal";"";"";"";"";"";"";"";"";"";"";"";"";"";"";"";"";"";"";"";"";"";"";"";"";"";"";"";"";"";"";"";"";"";"";"";"";"";"";"";"";"";"";"";"";"";"";"";"";"";"";"";"";"";"";"";"";"";"";"";"";"";"";"";"";"";"";"";"";"";"";"";"";"";"";"";"";"";"";"";"";"";"";"";"";"";"";"";"";"";"";"";"";"";"";"";"";"";"";"";"";"";"";"";"";"";"";"";"";"";"";"";"";"";"";"";"";"";"";"";"";"";"";"";"";"";"";"";"";"";"";"";"";"";"";"";"";"";"";"";"";"";"";"";"";"";"";"";"0";"0";"0";"0";"0";"0";"1";"2";"10";"8";"31";"51";"93";"166";"326";"648";"1075";"1721";"2378";"1937";"945";"0";"1";"0";"0";"1";"2";"5";"7";"10";"21";"22";"64";"134";"269";"442";"742";"1060";"1548";"1964";"1691";"815"
"18 COVID-19 (Coronavirus ziekte 19)|18.1 Vastgestelde COVID-19";"aantal";"";"";"";"";"";"";"";"";"";"";"";"";"";"";"";"";"";"";"";"";"";"";"";"";"";"";"";"";"";"";"";"";"";"";"";"";"";"";"";"";"";"";"";"";"";"";"";"";"";"";"";"";"";"";"";"";"";"";"";"";"";"";"";"";"";"";"";"";"";"";"";"";"";"";"";"";"";"";"";"";"";"";"";"";"";"";"";"";"";"";"";"";"";"";"";"";"";"";"";"";"";"";"";"";"";"";"";"";"";"";"";"";"";"";"";"";"";"";"";"";"";"";"";"";"";"";"";"";"";"";"";"";"";"";"";"";"";"";"";"";"";"";"";"";"";"";"";"0";"0";"0";"0";"0";"0";"0";"2";"7";"2";"28";"43";"79";"145";"284";"567";"938";"1471";"2013";"1675";"813";"0";"1";"0";"0";"1";"1";"5";"7";"9";"20";"21";"64";"129";"264";"434";"732";"1043";"1524";"1934";"1661";"793"
"18 COVID-19 (Coronavirus ziekte 19)|18.2 Vermoedelijke COVID-19";"aantal";"";"";"";"";"";"";"";"";"";"";"";"";"";"";"";"";"";"";"";"";"";"";"";"";"";"";"";"";"";"";"";"";"";"";"";"";"";"";"";"";"";"";"";"";"";"";"";"";"";"";"";"";"";"";"";"";"";"";"";"";"";"";"";"";"";"";"";"";"";"";"";"";"";"";"";"";"";"";"";"";"";"";"";"";"";"";"";"";"";"";"";"";"";"";"";"";"";"";"";"";"";"";"";"";"";"";"";"";"";"";"";"";"";"";"";"";"";"";"";"";"";"";"";"";"";"";"";"";"";"";"";"";"";"";"";"";"";"";"";"";"";"";"";"";"";"";"";"0";"0";"0";"0";"0";"0";"1";"0";"3";"6";"3";"8";"14";"21";"42";"81";"137";"250";"365";"262";"132";"0";"0";"0";"0";"0";"1";"0";"0";"1";"1";"1";"0";"5";"5";"8";"10";"17";"24";"30";"30";"22"
"Gemiddelde bevolking";"aantal";"101112";"384588";"487889";"474681";"453242";"474297";"568008";"644396";"648052";"604750";"561719";"571871";"427554";"369627";"338391";"309183";"275681";"185493";"113454";"44589";"10246";"85576";"351399";"455317";"494966";"487604";"525670";"517766";"503163";"504426";"603085";"638006";"628085";"570583";"522608";"504148";"363296";"292142";"230438";"148756";"68999";"16599";"83043";"346326";"453817";"489265";"492856";"525818";"525743";"505124";"503460";"576205";"639497";"634388";"580317";"525748";"519350";"372667";"299269";"231741";"151117";"70501";"17479";"83897";"342908";"453807";"481785";"501060";"524383";"534138";"509234";"507293";"550928";"639862";"636694";"590207";"532057";"519681";"395430";"305392";"232979";"153636";"70741";"18553";"82621";"340895";"453075";"475201";"508149";"524902";"541951";"517347";"510977";"530540";"636982";"636168";"600458";"539087";"507774";"431217";"311224";"234749";"156216";"70758";"19346";"82296";"340324";"449886";"469366";"512448";"528804";"549315";"527883";"513495";"518259";"626907";"635246";"610156";"546519";"502365";"457704";"319322";"238195";"158111";"70963";"19878";"82752";"338697";"445882";"465819";"513323";"535282";"556579";"539484";"517595";"513757";"607403";"636321";"619420";"556115";"501931";"474821";"329481";"244004";"159710";"71712";"20489";"82084";"336694";"441512";"465193";"508535";"541548";"558869";"550750";"522204";"515020";"582611";"639512";"626747";"566141";"505212";"489326";"337780";"250028";"160706";"72661";"20821";"87551";"335236";"437211";"465267";"502626";"551054";"557471";"560794";"527765";"520096";"558563";"641018";"629948";"576212";"511297";"489452";"358128";"254647";"161178";"73592";"20762"
"Bron: CBS"
